-6.850049171470562470e-01,4.797289253291140421e-01,0.000000000000000000e+00
-8.361413173864935544e-01,9.350634228346627053e-02,0.000000000000000000e+00
1.879784895436049652e+00,-1.206789981434388537e+00,0.000000000000000000e+00
6.315642610951766045e-01,1.456251537583032607e-01,0.000000000000000000e+00
-1.401952476746052945e+00,-3.788567778994170188e-01,0.000000000000000000e+00
-1.258233498726043287e+00,-6.755017216384349155e-01,0.000000000000000000e+00
1.093725281281557216e+00,8.749661198221554415e-01,1.000000000000000000e+00
4.597234980403972493e-01,-2.048069162133738519e-01,0.000000000000000000e+00
-1.350956778547671711e+00,1.313380809664808302e+00,1.000000000000000000e+00
8.355950601633943542e-01,-6.737868463114152773e-01,0.000000000000000000e+00
-1.481144230219157087e+00,-1.618283014425556443e+00,0.000000000000000000e+00
-9.038725604679029857e-01,-1.690358190664493998e+00,0.000000000000000000e+00
-4.816470068084837131e-01,-6.395013249393284305e-01,0.000000000000000000e+00
1.992062178905085190e-01,-4.622417908499993899e-01,0.000000000000000000e+00
-3.169563729730167090e-01,8.341273986659819561e-01,1.000000000000000000e+00
-4.306263672003649567e-01,-5.532566847862205872e-01,0.000000000000000000e+00
-8.580328121170746059e-01,-6.090336916596804651e-01,0.000000000000000000e+00
-4.627677044897708925e-01,1.667346358969459486e+00,1.000000000000000000e+00
1.451873264506608585e+00,-3.820744920061303618e-01,0.000000000000000000e+00
1.418754695789715470e+00,-5.517163681671961584e-01,0.000000000000000000e+00
-1.413243886243459535e+00,1.320671183178781627e+00,1.000000000000000000e+00
1.494870211675997318e+00,6.600933885970465542e-02,0.000000000000000000e+00
-1.827726048043682994e+00,-9.415227641918123558e-01,0.000000000000000000e+00
1.557137277287302446e+00,-7.458708831855756505e-02,0.000000000000000000e+00
1.338432685132239452e+00,-5.524475809263992288e-01,0.000000000000000000e+00
-1.406897226989248129e+00,-2.050483752981855812e+00,0.000000000000000000e+00
5.003149355749569871e-01,-4.068265057037937504e-01,0.000000000000000000e+00
-1.036179392480010009e+00,1.614202912537978166e-02,0.000000000000000000e+00
-1.193772929875888789e+00,1.193007896372465737e+00,1.000000000000000000e+00
1.096507506664905485e-01,8.418281084617711407e-01,1.000000000000000000e+00
-1.070024297615051800e+00,1.909497752350393374e-01,0.000000000000000000e+00
1.037445226922878661e+00,-4.161477494753070272e-01,0.000000000000000000e+00
1.878884007520811306e+00,1.283370686846416309e+00,1.000000000000000000e+00
-1.732359242589928350e+00,-5.277789845484018860e-01,0.000000000000000000e+00
6.356744098357789419e-01,3.489126176334294560e-01,0.000000000000000000e+00
1.971497511982238215e+00,7.208124240864567378e-01,1.000000000000000000e+00
-3.898179166184290168e-01,-1.210673238382980799e+00,0.000000000000000000e+00
-4.987194142562669796e-01,8.775878450209665393e-01,1.000000000000000000e+00
-5.864693298482004380e-02,-6.545664694420910701e-02,0.000000000000000000e+00
1.925422179191318417e+00,4.638386778031073909e-01,0.000000000000000000e+00
7.088540510442866704e-01,5.434329777500133962e-02,0.000000000000000000e+00
7.582805199240119087e-01,4.304570199472061987e-01,1.000000000000000000e+00
-1.926203727697154644e+00,-1.077989737366922135e-01,0.000000000000000000e+00
1.321761708293970994e+00,6.338404177049185018e-01,0.000000000000000000e+00
-3.861736516972738009e-01,-8.434724694111168652e-01,0.000000000000000000e+00
-8.863232693202740542e-01,2.562099435829014560e+00,1.000000000000000000e+00
9.939935861357973579e-01,-7.141516902396054245e-02,0.000000000000000000e+00
-1.451017569306043420e-01,-7.493522875027774921e-02,0.000000000000000000e+00
6.043959004253118827e-01,-4.928410699623769209e-01,0.000000000000000000e+00
-1.496129999372648900e+00,1.555250554871925317e-01,0.000000000000000000e+00
-1.261728547970589531e+00,6.046716222402580554e-01,0.000000000000000000e+00
-1.395045942530464878e+00,1.321564189271881018e-01,0.000000000000000000e+00
-7.661013678611245936e-01,3.063462972236571380e-01,0.000000000000000000e+00
-6.647515240263346392e-01,7.276886146661414312e-01,1.000000000000000000e+00
8.896167400858652208e-01,6.211302709910337949e-01,1.000000000000000000e+00
-1.126038852383991706e+00,5.836882838467569723e-01,0.000000000000000000e+00
-2.836475957638766587e-01,-2.014235541526779028e-01,0.000000000000000000e+00
-3.961327801212015665e-01,-2.300212342737050983e-02,0.000000000000000000e+00
-1.353725548899919584e+00,1.507009646812107695e+00,1.000000000000000000e+00
8.067585591082293561e-02,-2.199983097409410615e-01,0.000000000000000000e+00
8.623597473628064058e-01,-1.398645504509243409e+00,0.000000000000000000e+00
3.100725996688069586e-01,-7.721757327326321807e-01,0.000000000000000000e+00
1.925930072240784163e+00,3.473079193836604850e-02,0.000000000000000000e+00
1.222292100844413199e-01,-1.493651624065132300e+00,0.000000000000000000e+00
9.696527168078601377e-01,-2.454088233940709129e-01,0.000000000000000000e+00
1.337784092611968401e+00,-3.751915124967949433e-01,0.000000000000000000e+00
-5.311411281478273239e-01,1.142025966674143023e+00,1.000000000000000000e+00
1.165130704129009764e+00,-8.564796723525390787e-01,0.000000000000000000e+00
-4.541062006907599091e-01,1.175383378154671199e+00,1.000000000000000000e+00
-1.832389337108151217e-01,-3.960645874576986247e-01,0.000000000000000000e+00
-2.127325076993233921e-01,1.050139676208938777e-01,0.000000000000000000e+00
1.251807353479324370e+00,2.029385472477896468e-01,0.000000000000000000e+00
-4.228320505295353193e-01,-1.703301667522457485e+00,0.000000000000000000e+00
4.606571937175294451e-01,-1.289856232068528896e-01,0.000000000000000000e+00
-1.958702597056709571e+00,-8.532532090311201189e-01,0.000000000000000000e+00
-1.255492859095626024e+00,2.312001947167637850e-01,1.000000000000000000e+00
1.260319484597891559e+00,-5.493240725648603773e-01,0.000000000000000000e+00
-1.906148070065931677e-01,-3.715340606326362344e-02,0.000000000000000000e+00
1.419421495775492037e+00,4.210892630141087056e-01,1.000000000000000000e+00
5.474052097221235869e-01,1.477345014391686639e+00,1.000000000000000000e+00
-1.114890715751091221e+00,-7.099853137299595440e-01,0.000000000000000000e+00
-4.824031042471044195e-01,1.679287820345242821e+00,1.000000000000000000e+00
-1.143163501984623576e+00,2.204122214675835689e+00,1.000000000000000000e+00
1.960343259384830450e+00,6.562584649280325255e-01,1.000000000000000000e+00
-1.882503871880398805e+00,-4.134493543691569739e-01,0.000000000000000000e+00
-1.916147592701271662e+00,-3.304204579472989067e-01,0.000000000000000000e+00
3.503586635477309308e-01,-1.807142981698603323e+00,0.000000000000000000e+00
1.406955309264355858e+00,-4.849358680037185176e-01,0.000000000000000000e+00
5.551359036691310145e-01,1.595125350758105132e+00,1.000000000000000000e+00
1.657979718582223594e+00,1.187988870612560977e+00,1.000000000000000000e+00
-4.656450566283933945e-01,1.425828059090340494e-01,0.000000000000000000e+00
-1.599645931492369222e+00,-1.669471877395125814e+00,0.000000000000000000e+00
-1.312185167851502410e+00,4.952580455065952458e-01,1.000000000000000000e+00
-1.871567268983206578e+00,-1.618009634468673852e+00,0.000000000000000000e+00
-1.765812641340824385e+00,1.005147983082577134e+00,1.000000000000000000e+00
-1.986902283419561765e+00,6.283056359902954024e-02,0.000000000000000000e+00
-4.649127628471729778e-01,-4.075009595305263688e-02,0.000000000000000000e+00
-1.038643874230455122e+00,2.526486232063809290e+00,1.000000000000000000e+00
-1.959975690778911428e+00,1.124669831667718833e+00,1.000000000000000000e+00
-1.477566045587319632e+00,7.615648761716765636e-01,1.000000000000000000e+00
-1.540242516002502171e+00,1.690953549775273956e-01,0.000000000000000000e+00
-3.851855857784847181e-01,1.503216301245975384e-01,0.000000000000000000e+00
1.972179393104421585e+00,1.122882049238179691e+00,1.000000000000000000e+00
-6.782637224014123056e-01,6.436759595903427389e-01,0.000000000000000000e+00
-6.014110769363210096e-01,1.557597398195577298e+00,1.000000000000000000e+00
1.133743992259061084e+00,2.805221788783105463e-01,0.000000000000000000e+00
9.460124403226179979e-01,-1.790464155867216522e+00,0.000000000000000000e+00
-1.889914857799288583e-01,-6.957399080665382929e-01,0.000000000000000000e+00
1.427110489015685602e+00,1.613900125772230743e+00,1.000000000000000000e+00
-1.376150263641072069e+00,6.004279549085603795e-01,1.000000000000000000e+00
-8.126309392286037436e-01,-3.424999561793943270e-01,0.000000000000000000e+00
1.875073314390472312e+00,1.217890541427359974e+00,1.000000000000000000e+00
1.580353478343355267e+00,9.328905107824836396e-01,1.000000000000000000e+00
-1.917254436477803914e+00,-4.837889393636176649e-01,0.000000000000000000e+00
-3.691487901077459277e-01,9.628167715053292941e-01,1.000000000000000000e+00
-1.536625571352451480e+00,2.534915274115622785e-01,0.000000000000000000e+00
1.162914468001130963e+00,-5.121358784732708003e-01,0.000000000000000000e+00
-1.807253685770275897e+00,1.840906222660916303e+00,1.000000000000000000e+00
-1.386376646628896925e+00,-1.858080282489932844e-01,0.000000000000000000e+00
1.344479275027143927e-02,-1.675922778409344005e+00,0.000000000000000000e+00
1.014072537544230990e+00,-2.101848608234886118e-01,0.000000000000000000e+00
-9.897742485219218622e-02,2.579604704518438041e+00,1.000000000000000000e+00
1.682886238274318824e+00,1.556715954469946483e+00,1.000000000000000000e+00
1.466669393563651891e+00,-9.380258779051156015e-01,0.000000000000000000e+00
7.061597313014824628e-01,-3.984697993477438471e-01,0.000000000000000000e+00
8.557620067953761733e-01,-2.558418305183986496e-01,0.000000000000000000e+00
-2.903437638749606364e-02,9.675287811554520445e-01,1.000000000000000000e+00
2.917655559715992553e-02,8.637074656358263436e-01,1.000000000000000000e+00
-1.628834569764110451e+00,1.324270935763762091e+00,1.000000000000000000e+00
1.239143856447691761e+00,1.223218670644791617e+00,1.000000000000000000e+00
-1.228083922310290177e-01,-1.844073527823368308e-01,0.000000000000000000e+00
1.340511127191377660e+00,1.293442558148600874e+00,0.000000000000000000e+00
-1.517739279889134707e+00,1.613037038313490934e-01,0.000000000000000000e+00
-1.263586808965351693e+00,3.829486108126536337e-01,0.000000000000000000e+00
1.248833138247015917e+00,-8.843423013510414155e-01,0.000000000000000000e+00
3.944005122508178474e-01,-4.543803118707285815e-01,0.000000000000000000e+00
-1.461958459050392012e+00,1.506709106446427748e-01,0.000000000000000000e+00
1.946280193398449043e+00,9.200897261721696641e-01,1.000000000000000000e+00
-7.967383355967481151e-01,1.321555268802412586e+00,1.000000000000000000e+00
1.875856502912481183e+00,2.163168390836975041e-01,0.000000000000000000e+00
-1.719640079343408345e+00,1.102634371975854455e+00,1.000000000000000000e+00
-8.284804382912875909e-01,5.834921052365521499e-01,1.000000000000000000e+00
-5.851857123587413945e-01,8.923286107947211443e-01,0.000000000000000000e+00
3.087601361400871269e-02,-2.856107099472809718e+00,0.000000000000000000e+00
-1.249128454025287827e+00,-1.100805254597896354e+00,0.000000000000000000e+00
-6.529838277219877085e-01,-2.865631808357819721e-01,0.000000000000000000e+00
1.400592223926882429e+00,-1.584376024366564106e+00,0.000000000000000000e+00
4.914055767869589531e-01,1.791411811879069747e-03,0.000000000000000000e+00
1.644595653709775451e+00,1.826385877022402016e-01,0.000000000000000000e+00
-1.924505705517389753e+00,-2.582536830754887935e-01,0.000000000000000000e+00
1.988948270914203675e-01,-4.373816034959452925e-01,0.000000000000000000e+00
-3.365908263958328206e-02,-3.869921464183012638e-01,0.000000000000000000e+00
-8.520494138253864591e-01,-3.526094093089497505e+00,0.000000000000000000e+00
-1.560957898698803969e+00,-3.648804416967830339e-02,0.000000000000000000e+00
-1.350807666199532076e+00,4.199912853717022720e-01,1.000000000000000000e+00
-1.934156912445644583e+00,1.269551538931743551e+00,1.000000000000000000e+00
-1.012928985132126591e-01,1.505559051102390855e-01,0.000000000000000000e+00
-1.382420734815854590e+00,-2.269913211579643431e+00,0.000000000000000000e+00
-1.878025972366024199e+00,5.892104900846895088e-01,0.000000000000000000e+00
3.056980540694498316e-02,-1.344442698452553153e-01,0.000000000000000000e+00
2.991657590389729116e-01,-2.200607862722450681e-01,0.000000000000000000e+00
-9.712774180438903393e-01,3.486047355300656014e-01,1.000000000000000000e+00
-9.633233976803747822e-01,-1.679835805522599479e+00,0.000000000000000000e+00
-1.948642681193452297e+00,9.912621686326206216e-01,1.000000000000000000e+00
-1.276662860549847789e+00,-5.381154485530000031e-02,0.000000000000000000e+00
3.710771302497444246e-01,4.868430054697933107e-01,1.000000000000000000e+00
1.246720220227133247e+00,-2.035152675986518833e+00,0.000000000000000000e+00
-5.832654222123383470e-01,-7.822831234889745522e-01,0.000000000000000000e+00
1.871699788559313848e+00,-6.103699981638103234e-01,0.000000000000000000e+00
-3.564808414460038932e-01,-9.252651718754577592e-01,0.000000000000000000e+00
1.182534227594502774e+00,3.243191973361113645e-01,0.000000000000000000e+00
1.349546599039765038e+00,2.229239238975214032e+00,1.000000000000000000e+00
-8.861599583922519230e-03,2.038952226360497999e+00,1.000000000000000000e+00
-1.557029025282096857e+00,1.425857885287976856e+00,1.000000000000000000e+00
-2.267223325086233920e-01,1.437549367498742514e+00,1.000000000000000000e+00
-3.341529333616306552e-01,7.560154281079134453e-01,1.000000000000000000e+00
-1.450589724181960971e+00,1.233862900020596953e+00,1.000000000000000000e+00
-1.254732556901605900e+00,3.651267236923121454e-04,0.000000000000000000e+00
7.955074586683608118e-02,-1.052478226027256270e+00,0.000000000000000000e+00
1.521630965131473445e+00,-6.344324279799555821e-01,0.000000000000000000e+00
-1.103491990760025576e+00,1.056882661440918580e+00,1.000000000000000000e+00
4.890678612024363936e-01,4.751855210364806011e-04,0.000000000000000000e+00
1.608878083186649377e+00,1.064622885266775371e-01,0.000000000000000000e+00
2.786853037921876997e-01,5.011168415520296238e-01,0.000000000000000000e+00
8.058433272492435684e-01,-2.172346787602214002e-01,0.000000000000000000e+00
2.795122619473944248e-01,-1.323079808395740548e-03,0.000000000000000000e+00
1.030631568540727461e+00,1.847664013328290000e+00,1.000000000000000000e+00
-1.918564832708524737e+00,-7.181502925088383282e-01,0.000000000000000000e+00
-1.514452606658098777e+00,8.726360001597809404e-03,0.000000000000000000e+00
1.845368709941178409e+00,-1.623503012569957604e-01,0.000000000000000000e+00
1.456236476273896852e+00,7.719100028210523767e-01,1.000000000000000000e+00
9.089170417820109371e-01,1.408068045157452874e-01,0.000000000000000000e+00
-1.287809539405488479e+00,6.238628264154423286e-01,1.000000000000000000e+00
7.656613126702422889e-01,9.113685354096067170e-01,1.000000000000000000e+00
1.729682110910113035e+00,1.395084664240666239e+00,1.000000000000000000e+00
9.123438236440328808e-02,-7.571803583508506241e-01,0.000000000000000000e+00
-1.592777912127550266e+00,1.026645653410163561e+00,1.000000000000000000e+00
9.602297138723523418e-01,7.179266467728482315e-01,1.000000000000000000e+00
1.793571372453013790e+00,2.421439259447168979e+00,1.000000000000000000e+00
-1.230684831813872115e+00,-3.357269341939165264e-01,0.000000000000000000e+00
-1.436678360802940535e+00,1.080100429900636705e+00,1.000000000000000000e+00
-7.657820314224439429e-01,6.514190534087707096e-01,1.000000000000000000e+00
1.198333410963715817e+00,3.536188385599532968e-01,1.000000000000000000e+00
1.517580805620188045e+00,-1.201311089292278922e+00,0.000000000000000000e+00
-1.058937344603227970e+00,7.889765324627420195e-01,1.000000000000000000e+00
1.927091273575797903e+00,3.424622820717261873e-01,0.000000000000000000e+00
8.500318222546354718e-02,2.941001459468073898e-01,0.000000000000000000e+00
-2.283774942669136720e-02,-1.078787065374857024e+00,0.000000000000000000e+00
-6.357325397688682322e-01,-1.409590650667941203e-01,0.000000000000000000e+00
1.165763778779331350e+00,8.519626419112670268e-01,1.000000000000000000e+00
-1.067546959491994851e+00,2.483367228160830442e-01,1.000000000000000000e+00
-1.232597693262800220e-01,-1.817272749279543520e+00,0.000000000000000000e+00
3.488646570685309811e-01,1.475334164282740668e+00,1.000000000000000000e+00
-1.503777208495186812e+00,-3.366019287047693487e-01,0.000000000000000000e+00
1.427948640917271472e+00,3.182468417957466378e-01,0.000000000000000000e+00
-1.225342569760363265e+00,-7.755780811464618729e-01,0.000000000000000000e+00
1.666142944598747455e-01,4.969918113024943684e-01,1.000000000000000000e+00
-1.499919826007847679e+00,-4.692527182340351932e-01,0.000000000000000000e+00
8.693321492649292992e-01,-4.188418172952418361e-02,0.000000000000000000e+00
5.387894784821209981e-01,9.182185775524607241e-01,1.000000000000000000e+00
-5.425640093259769259e-01,-4.458660530674029010e-01,0.000000000000000000e+00
1.479239677430313815e+00,-1.777542464912563958e+00,0.000000000000000000e+00
-4.828898494531057572e-01,1.148788929692579064e+00,1.000000000000000000e+00
-3.531679786483028494e-01,4.241935595520822111e-01,1.000000000000000000e+00
1.872940964605539715e+00,3.104999550517719697e-01,0.000000000000000000e+00
-1.639576480714430851e-01,3.939196865848694773e-01,0.000000000000000000e+00
1.024440666372861131e+00,-1.515637007350246090e+00,0.000000000000000000e+00
-1.298944347686464607e+00,-2.165605837484267493e+00,0.000000000000000000e+00
-6.787782044235974865e-01,-1.998977085600006198e+00,0.000000000000000000e+00
-4.596185914659534077e-01,1.213035319871348383e+00,1.000000000000000000e+00
-2.678038894132459546e-01,-2.032370632670823796e-01,0.000000000000000000e+00
-1.465732691719934699e+00,5.143995667499035029e-01,1.000000000000000000e+00
1.009040835464790842e+00,-1.500026921146846437e-01,0.000000000000000000e+00
1.775921487368214535e+00,-5.197081160225808238e-01,0.000000000000000000e+00
1.478814519325183152e+00,-5.642003314478892806e-01,0.000000000000000000e+00
9.182526885767190450e-01,9.656630757032301782e-01,1.000000000000000000e+00
1.071764935885779479e-01,-1.215324209775316078e+00,0.000000000000000000e+00
-1.453422304413550137e+00,3.770704785719707908e-01,1.000000000000000000e+00
1.951253160791943664e-01,-5.025986977770594555e-01,0.000000000000000000e+00
9.415947669202449077e-01,1.409982594518635279e+00,1.000000000000000000e+00
-1.229908990105162747e+00,1.556372670970118222e+00,1.000000000000000000e+00
2.421263982040557927e-01,8.775397279678050222e-02,0.000000000000000000e+00
1.069283046703739970e+00,-1.733307343887918461e-01,0.000000000000000000e+00
4.384748502774757917e-01,1.473314691611916194e+00,1.000000000000000000e+00
-7.007738769312039651e-01,-7.947796901933302793e-01,0.000000000000000000e+00
-2.866606783401706160e-01,-3.364285003645148819e-01,0.000000000000000000e+00
1.252494081355485012e+00,1.467994333022119013e-01,0.000000000000000000e+00
-5.238286451035212288e-01,-1.043733938839705333e+00,0.000000000000000000e+00
1.990837200994765244e+00,1.629285883867748752e-01,0.000000000000000000e+00
1.618820383490501502e+00,-8.786087643231750288e-01,0.000000000000000000e+00
-8.527189658026097518e-01,1.525277913030613108e+00,1.000000000000000000e+00
1.468136595418390478e+00,1.070528478458930177e+00,1.000000000000000000e+00
-1.929245536792624893e+00,-1.549460951130839703e+00,0.000000000000000000e+00
-2.361921329184553109e-01,4.034110200537723290e-01,1.000000000000000000e+00
8.743332393698302063e-01,8.854715376571851149e-01,1.000000000000000000e+00
1.062899674234508929e+00,7.504002149880432126e-01,1.000000000000000000e+00
-9.387643764534958635e-02,1.582571176907454635e-01,0.000000000000000000e+00
1.411996562560790647e+00,2.719458127234336553e-01,0.000000000000000000e+00
6.415050655848837380e-01,8.147223215845073030e-01,1.000000000000000000e+00
7.761130799889448539e-02,4.468074089994018006e-01,0.000000000000000000e+00
9.839418945954556683e-01,-1.931123739515563653e-01,0.000000000000000000e+00
1.049136912699228930e+00,-1.821803624891061846e-01,0.000000000000000000e+00
-1.508426150981023728e+00,1.705090657317332586e-02,0.000000000000000000e+00
-1.686245578773153397e-01,-1.530511942690958360e+00,0.000000000000000000e+00
1.960689886039954200e+00,6.711894855534610294e-01,1.000000000000000000e+00
1.528107350073646398e+00,1.910844475777379314e-01,0.000000000000000000e+00
1.098219187337206915e+00,-2.021972991651298512e-01,0.000000000000000000e+00
1.220143538797113791e-01,3.068616086914410235e-01,0.000000000000000000e+00
-1.400868374832274998e+00,-8.179518479167574574e-02,0.000000000000000000e+00
-8.562623134521656354e-01,-7.468842696643803736e-01,0.000000000000000000e+00
-7.665638147495119625e-01,-1.826524400537303805e-01,0.000000000000000000e+00
4.711738634774582657e-01,1.406617743606616566e-01,0.000000000000000000e+00
-8.248493216624543933e-01,2.904102104606589574e-01,0.000000000000000000e+00
-4.709899565726605175e-01,4.114255270043120083e-01,1.000000000000000000e+00
-1.536076069629615848e+00,-5.001261745129303993e-01,0.000000000000000000e+00
1.403608083936380702e+00,-1.187925194111586924e+00,0.000000000000000000e+00
1.678311298582837008e+00,-6.258705107652037802e-02,0.000000000000000000e+00
1.827990835727214325e+00,-3.600010831299381153e-01,0.000000000000000000e+00
-1.288090683937607839e+00,-7.306130261493850586e-01,0.000000000000000000e+00
2.733377109739665300e-01,-1.752398141047973867e+00,0.000000000000000000e+00
-1.672885592470154670e+00,3.972289083447467783e-01,0.000000000000000000e+00
2.669698192920608726e-01,-3.793675509322828876e-02,0.000000000000000000e+00
3.208392759473652767e-01,-5.267745220059057848e-02,0.000000000000000000e+00
-8.005057773110766384e-01,1.409681344732869324e+00,1.000000000000000000e+00
1.055827396024400233e+00,-1.001969257168407457e-01,0.000000000000000000e+00
1.262852310223267160e+00,3.544315384260514623e-01,0.000000000000000000e+00
-6.759932017237479940e-02,-1.702097906554371987e+00,0.000000000000000000e+00
4.472619324160387322e-01,4.801551951921168571e-01,0.000000000000000000e+00
1.337800416708279094e+00,-3.791932763893260394e-01,0.000000000000000000e+00
-1.622530588581634348e+00,-1.788910513861323270e+00,0.000000000000000000e+00
3.646382446852540760e-01,1.043530262362330624e-01,0.000000000000000000e+00
-1.011092185184310210e-01,1.310143161974903769e+00,1.000000000000000000e+00
3.559254540501743946e-02,1.769131274242817242e-01,0.000000000000000000e+00
1.691629870622807896e+00,4.113190868314033910e-01,0.000000000000000000e+00
-1.062900131945212046e+00,-6.326041168608774745e-01,0.000000000000000000e+00
-1.419495629363100253e+00,-1.274478708407498218e+00,0.000000000000000000e+00
1.163045666815385015e+00,1.025864683869218030e+00,1.000000000000000000e+00
-7.730544745385437011e-02,-3.147628564838063081e-01,0.000000000000000000e+00
-1.533358416889687881e+00,-4.113410509590707531e-01,0.000000000000000000e+00
-1.031689250967784410e+00,-4.125072607432576643e-01,0.000000000000000000e+00
-3.722165845548301988e-01,-7.393520649538387612e-01,0.000000000000000000e+00
1.363383947476247471e+00,-1.774899716186631782e+00,0.000000000000000000e+00
4.445368583673108276e-01,5.512566670131633373e-01,0.000000000000000000e+00
1.626296781823649784e+00,-9.446105495429044652e-01,0.000000000000000000e+00
2.240966415169078907e-01,-4.690709963597303189e-01,0.000000000000000000e+00
-1.281239396303156308e+00,8.363973075922359612e-01,1.000000000000000000e+00
8.182194012707100228e-01,-1.879209040227563188e+00,0.000000000000000000e+00
-1.905393514352444306e+00,1.986061913177794125e+00,1.000000000000000000e+00
-7.825181784771850779e-01,-4.061172600561087087e-01,0.000000000000000000e+00
-8.180807019270206482e-01,-2.043354147520660025e+00,0.000000000000000000e+00
-1.924827534392886008e+00,-1.519562799407531806e+00,0.000000000000000000e+00
-1.070801384319281180e+00,-7.468144169207012739e-01,0.000000000000000000e+00
-1.780109249835093443e+00,6.864548114567478043e-01,1.000000000000000000e+00
-7.235457020905213810e-01,6.681737155326230582e-01,1.000000000000000000e+00
1.827044208604700515e+00,3.600602357071560622e-01,0.000000000000000000e+00
6.424467268458839975e-01,-2.933574219813803174e-01,0.000000000000000000e+00
-9.499232657080165509e-01,-4.430658608208189186e-02,0.000000000000000000e+00
4.987293883314944942e-01,-6.970286630243593962e-01,0.000000000000000000e+00
-9.527929053406314353e-01,-5.023223413901406476e-01,0.000000000000000000e+00
-1.581477830374003357e+00,1.119341164442051229e+00,1.000000000000000000e+00
1.315821848316702347e+00,3.110457345450406419e-01,0.000000000000000000e+00
-2.217015488869726880e-01,-8.426092669447661221e-01,0.000000000000000000e+00
9.120538247459091252e-01,-2.263321051807273054e+00,0.000000000000000000e+00
-6.497333358825363447e-01,-7.526342871971003490e-01,0.000000000000000000e+00
1.727641200286746059e+00,4.714435491076885421e-01,0.000000000000000000e+00
1.692476415742590667e+00,-3.817434463675864476e-01,0.000000000000000000e+00
-9.391463434981486280e-01,-7.147769974293957107e-01,0.000000000000000000e+00
1.813357856841768090e+00,-7.496496103966416857e-01,0.000000000000000000e+00
2.123710752819003567e-01,1.252962642632355461e+00,1.000000000000000000e+00
-1.450615376305261162e+00,9.462421759599761728e-01,1.000000000000000000e+00
2.426762830155890782e-01,-2.405456059269061309e-01,0.000000000000000000e+00
1.304821210982225921e+00,-1.098755918164063372e+00,0.000000000000000000e+00
1.220154550562337903e+00,-5.858565192222957574e-01,0.000000000000000000e+00
-5.460607063616405021e-01,-2.553888739819140330e+00,0.000000000000000000e+00
-5.747494795640455401e-01,-2.491103656749460993e-01,0.000000000000000000e+00
1.029789141884464687e+00,-2.090159324157117471e+00,0.000000000000000000e+00
8.365411998583192066e-01,-7.665458991785156773e-01,0.000000000000000000e+00
-1.162545994392534698e+00,2.416144558302056600e-01,0.000000000000000000e+00
4.779663270997591695e-02,2.717771270376187487e-01,0.000000000000000000e+00
1.552584762771523241e+00,6.225941813561844396e-02,0.000000000000000000e+00
-5.134866100584205562e-01,9.658715241234849813e-01,1.000000000000000000e+00
-3.971182187508608408e-01,9.145569779577269465e-01,1.000000000000000000e+00
3.929119591900032127e-01,-7.553801029914519738e-01,0.000000000000000000e+00
-8.301035162159200453e-01,2.010224516885803503e+00,1.000000000000000000e+00
-1.860568201983260561e+00,6.854546459741398534e-01,1.000000000000000000e+00
1.068118238681034615e+00,6.914998215362537781e-01,1.000000000000000000e+00
-9.478539057764479026e-02,-4.150181417777661919e-01,0.000000000000000000e+00
-1.370784677678129615e+00,-3.437731626712017263e-01,0.000000000000000000e+00
1.452966577136858284e+00,-1.208182014627933454e-01,0.000000000000000000e+00
4.525621173043212764e-01,1.196146025097854393e+00,1.000000000000000000e+00
1.854859969216406057e+00,-1.082392798348584151e+00,0.000000000000000000e+00
-4.893825926455432906e-01,-2.084785856853776376e-01,0.000000000000000000e+00
1.152868054911107443e+00,-2.109002480235780297e+00,0.000000000000000000e+00
1.445451570159112631e+00,-1.059673353212106095e+00,0.000000000000000000e+00
-9.145130824433040928e-01,5.959222226478289031e-01,0.000000000000000000e+00
1.030514375602782362e+00,-6.591790929651455411e-01,0.000000000000000000e+00
1.827888241007005199e+00,1.636185988069913000e+00,1.000000000000000000e+00
5.278247244361033985e-01,1.394806573141928796e+00,1.000000000000000000e+00
7.430455699114602020e-01,3.846313767268633721e-01,0.000000000000000000e+00
1.587325942213095864e+00,2.498295961625161432e+00,1.000000000000000000e+00
7.874285895680923630e-01,5.313723223227476700e-01,1.000000000000000000e+00
1.212421078011856057e+00,-1.171515492762898569e+00,0.000000000000000000e+00
-1.785634022721859893e+00,-1.698470710236958670e-01,0.000000000000000000e+00
1.682126768112935267e+00,1.270784760410050174e+00,1.000000000000000000e+00
-1.020882845746570844e+00,-4.797087637151775663e-01,0.000000000000000000e+00
-1.360097885225627579e+00,1.245907568818850786e+00,1.000000000000000000e+00
-4.969942779297320534e-01,1.413198606871608198e-01,0.000000000000000000e+00
-1.268616759468562005e+00,-5.131349703991769928e-01,0.000000000000000000e+00
-1.519343265144934563e-01,1.140522773818356983e+00,1.000000000000000000e+00
1.943555303532245038e+00,-1.698562892971192950e-01,0.000000000000000000e+00
1.374330186858461644e+00,5.192152742531088716e-01,0.000000000000000000e+00
-1.019854373883628984e+00,-5.871354587791057789e-01,0.000000000000000000e+00
-2.349174569106566857e-01,1.774490195093164357e-01,0.000000000000000000e+00
-1.466342377810580189e+00,-2.119279806209108108e-01,0.000000000000000000e+00
6.310672932072352026e-01,5.128618928785607517e-02,0.000000000000000000e+00
1.652013513507484266e+00,3.898865533368449654e-01,0.000000000000000000e+00
-1.978146320627615751e+00,7.475358024628848685e-01,1.000000000000000000e+00
-5.782936098856530371e-01,2.954881854622356530e-01,0.000000000000000000e+00
1.721833574066000683e+00,1.002907396532721762e+00,1.000000000000000000e+00
9.019526609712626986e-01,-1.070530166594026333e+00,0.000000000000000000e+00
-5.533259022830567808e-01,-2.108706695528345942e-01,0.000000000000000000e+00
-1.539205029647200629e+00,-7.474681054131778746e-01,0.000000000000000000e+00
-1.087381620403906624e-01,-5.385199639311061270e-01,0.000000000000000000e+00
2.489942426321594127e-01,-3.597455211095150207e-01,0.000000000000000000e+00
1.488266007834065707e+00,5.534716259980585612e-02,0.000000000000000000e+00
1.278106641761763917e+00,6.129821473954144562e-01,1.000000000000000000e+00
3.319438734008346437e-01,1.464230281434602432e+00,1.000000000000000000e+00
9.857492480247023181e-01,-9.167645549097942492e-01,0.000000000000000000e+00
1.641415967932642328e+00,-1.552017090284003586e+00,0.000000000000000000e+00
1.177545027731980110e+00,8.956080494631156463e-02,0.000000000000000000e+00
6.725153695542922527e-01,1.464910822012862157e+00,1.000000000000000000e+00
-1.000676731181730172e+00,-9.650815923886543191e-01,0.000000000000000000e+00
1.242023328910675684e+00,1.185191594641133550e+00,1.000000000000000000e+00
-1.934720364568509154e+00,-6.441461728427942957e-01,0.000000000000000000e+00
1.133924365487913200e+00,-1.551574595573566251e+00,0.000000000000000000e+00
-1.192498582621973391e+00,2.753451875073869778e-02,0.000000000000000000e+00
8.342878692223005821e-01,-5.998012821239020465e-01,0.000000000000000000e+00
-5.936256468384826235e-02,1.735113043215223749e+00,0.000000000000000000e+00
2.393568479213779021e-01,7.626500573805368166e-01,1.000000000000000000e+00
4.667871886281282912e-01,9.707854516020252289e-01,1.000000000000000000e+00
9.208714285450478876e-01,9.414492744831352011e-01,1.000000000000000000e+00
-4.797505818331515570e-01,2.549002901180602021e-01,0.000000000000000000e+00
1.058171784250669489e+00,2.535951107154503781e-01,0.000000000000000000e+00
1.731993600515959297e+00,1.024772534819980430e-01,0.000000000000000000e+00
-1.490142956118476469e-01,-1.916076572723135030e+00,0.000000000000000000e+00
1.774396170314067156e+00,1.351634248054654208e-01,0.000000000000000000e+00
-1.674185595508920432e+00,-5.224869889265100209e-01,0.000000000000000000e+00
-1.570014503275568796e+00,-1.384310186300142576e+00,0.000000000000000000e+00
9.366577338885719861e-01,-1.360324166443852567e+00,0.000000000000000000e+00
-5.778701763832145843e-01,7.843508641333614140e-01,1.000000000000000000e+00
-2.795316849476900956e-01,-6.138952028318368503e-01,0.000000000000000000e+00
1.984465019739072744e+00,1.214616656875341816e+00,1.000000000000000000e+00
-3.895798561551440109e-01,6.005630505897100457e-01,1.000000000000000000e+00
4.591098075404431711e-02,-9.608475670709200334e-02,0.000000000000000000e+00
-2.749255810386888044e-01,2.720763011893880257e-01,0.000000000000000000e+00
1.265457614643219042e+00,-3.885258353619421012e-02,0.000000000000000000e+00
5.493837534048009452e-01,-5.836503011140637964e-01,0.000000000000000000e+00
-8.922323703313614907e-01,-1.565039574872471029e-01,0.000000000000000000e+00
1.283702781068858823e+00,-2.772964502426130129e-01,0.000000000000000000e+00
-8.413860029300836985e-01,-8.594683673088855391e-01,0.000000000000000000e+00
7.609426572568174230e-01,-1.848292612873062790e+00,0.000000000000000000e+00
9.649059082311883806e-01,1.959803042594112643e+00,1.000000000000000000e+00
1.729559197362298573e+00,-9.075722940764917590e-01,0.000000000000000000e+00
9.503240976605420443e-02,1.388532435421848121e-01,0.000000000000000000e+00
-1.606946298633594949e+00,1.335319093868403861e+00,1.000000000000000000e+00
-3.891590974890202226e-01,2.257218706254231211e-01,0.000000000000000000e+00
-1.854384377890672120e-01,1.629547447036501229e+00,1.000000000000000000e+00
-9.995078603632605585e-01,2.373711185905249099e+00,1.000000000000000000e+00
1.737645854791820543e+00,4.177104239213533243e-01,0.000000000000000000e+00
-6.675426180972521273e-01,-6.959959631735641583e-01,0.000000000000000000e+00
2.871504605748311789e-01,8.820346843136512849e-01,1.000000000000000000e+00
-1.497504348204951263e+00,-9.655568854526171974e-01,0.000000000000000000e+00
-1.844685301749171558e-02,-1.731720956041842285e+00,0.000000000000000000e+00
-1.895848181523199560e+00,7.316091841307251764e-01,0.000000000000000000e+00
1.246406036818138663e+00,9.259077699225491953e-01,1.000000000000000000e+00
1.219114544511570752e+00,-1.480680170151512876e+00,0.000000000000000000e+00
1.356340029602129071e+00,4.913485314082071675e-01,0.000000000000000000e+00
-6.638826408502214171e-01,2.084508770435856972e-01,0.000000000000000000e+00
-2.180387027450714221e-01,-2.852224337523447395e-01,0.000000000000000000e+00
2.554093817361584584e-01,-2.118526175713863202e-01,0.000000000000000000e+00
-4.897666874942663284e-01,-7.404544643172175089e-01,0.000000000000000000e+00
1.877893093239108691e+00,1.096019386964190989e+00,1.000000000000000000e+00
-1.757908388943954403e+00,-8.494633511348275157e-01,0.000000000000000000e+00
-2.484105586358928974e-01,2.274361683024133385e-01,0.000000000000000000e+00
-1.863210356869857698e-01,5.959896681346180669e-01,1.000000000000000000e+00
7.730315798028777330e-01,4.883164765200889712e-01,1.000000000000000000e+00
-9.690048233501014074e-01,-5.936673579567297576e-01,0.000000000000000000e+00
-8.609378818838697711e-01,-3.562878893415959425e-01,0.000000000000000000e+00
-1.035551984156611205e+00,-8.233844594697879993e-01,0.000000000000000000e+00
1.351585564445557885e+00,1.690702167054373373e+00,1.000000000000000000e+00
1.503723115936659749e+00,-7.753473010328839621e-01,0.000000000000000000e+00
5.764041584968206955e-01,1.837575800242247648e-01,0.000000000000000000e+00
-1.624709601192590114e+00,4.216727893361778001e-01,1.000000000000000000e+00
-1.948311227041096050e+00,-3.132134402619423108e-01,0.000000000000000000e+00
7.267603288774973080e-01,1.238757304245819313e+00,1.000000000000000000e+00
-8.359691978493963838e-01,1.421561050958941586e+00,1.000000000000000000e+00
-1.634822190417076548e+00,-9.296203149604221894e-01,0.000000000000000000e+00
-1.976107046117081989e+00,3.739073983241836818e-01,1.000000000000000000e+00
1.912388237758561704e+00,2.260404886887736442e+00,1.000000000000000000e+00
-2.335486085982219073e-01,-1.704513560957955587e+00,0.000000000000000000e+00
-1.997652806713691831e+00,5.079689577571099290e-01,0.000000000000000000e+00
1.297902877093842999e+00,-5.570533222092718395e-01,0.000000000000000000e+00
-3.611823743183864011e-01,7.002884685140388088e-01,1.000000000000000000e+00
-2.848900861320315947e-01,-2.435703693026478600e-01,0.000000000000000000e+00
1.204784560364796420e+00,-2.288636022150005722e-01,0.000000000000000000e+00
1.491762280213772662e+00,-3.752079261526725662e-01,0.000000000000000000e+00
3.323731028412186816e-01,-5.006260773956769938e-01,0.000000000000000000e+00
1.541952824547344836e+00,-1.938356568190426676e+00,0.000000000000000000e+00
1.431984578639046823e+00,1.384497249492742332e+00,1.000000000000000000e+00
-5.330777028413336005e-01,-2.352763177557879892e+00,0.000000000000000000e+00
-7.497446603066006965e-01,-1.160846307229029817e+00,0.000000000000000000e+00
-1.267332011100843481e+00,1.180952120759819035e+00,1.000000000000000000e+00
1.153683371201960739e+00,1.799112939113623133e+00,1.000000000000000000e+00
8.659684258439699356e-01,-4.223216693704660019e-01,0.000000000000000000e+00
-9.726557985622998892e-01,-6.930644925273039547e-01,0.000000000000000000e+00
2.116079791592437864e-01,1.140740358341446381e+00,1.000000000000000000e+00
1.715174822064740479e+00,-6.824563482029145645e-01,0.000000000000000000e+00
-1.394616383794418546e+00,-8.424895028377363815e-01,0.000000000000000000e+00
6.500113244248004740e-01,4.726507466961503146e-01,0.000000000000000000e+00
1.902009841572698257e+00,-5.604991847487604539e-02,0.000000000000000000e+00
-1.231201780275389179e+00,-2.822401479181647077e-01,0.000000000000000000e+00
-1.800715467852157303e+00,-6.231360242730960008e-01,0.000000000000000000e+00
-1.860071884267092024e+00,2.427895337085992367e-01,0.000000000000000000e+00
-1.491839162866295254e-01,-8.579082397221793332e-01,0.000000000000000000e+00
4.662854548997485971e-01,1.488950798449199420e+00,1.000000000000000000e+00
2.897991538885089646e-01,6.240123374640788034e-02,0.000000000000000000e+00
1.213594568081020064e+00,-1.013083629152578657e+00,0.000000000000000000e+00
-4.219176224892540183e-01,-7.090078554973576752e-01,0.000000000000000000e+00
-1.723852682619028354e+00,-2.243042993147350769e-02,0.000000000000000000e+00
2.660243600426528410e-01,-5.514849706209522529e-01,0.000000000000000000e+00
1.823175177702895500e+00,-8.266719357775387245e-02,0.000000000000000000e+00
1.620376678864356101e+00,-9.096937617594734737e-01,0.000000000000000000e+00
-4.067912516651808197e-01,-1.119732911634551575e+00,0.000000000000000000e+00
-1.608010744120142554e+00,-2.095528047549007622e-01,0.000000000000000000e+00
9.181061233442311398e-01,-9.769972779136985863e-02,0.000000000000000000e+00
-8.394142063919769470e-01,1.383511608540633153e+00,1.000000000000000000e+00
1.058155790456004830e+00,9.365358513631262261e-01,1.000000000000000000e+00
5.105410522655402517e-01,-1.927304405414324850e-01,0.000000000000000000e+00
6.912329927307006017e-01,-9.053180900935617892e-01,0.000000000000000000e+00
1.555584817847322832e+00,-1.506356007071493197e+00,0.000000000000000000e+00
-5.950080034953444397e-01,-1.169001083463800494e+00,0.000000000000000000e+00
-1.287821711477597830e+00,2.396262756740203503e+00,1.000000000000000000e+00
-1.845320178706050029e+00,1.681100892699059379e+00,1.000000000000000000e+00
8.067910529434407785e-01,-1.115267718873761860e+00,0.000000000000000000e+00
-1.449608663289574384e+00,-4.474231236436212455e-01,0.000000000000000000e+00
-8.826217027469129839e-01,-6.461788057692192666e-01,0.000000000000000000e+00
-1.629711078861140194e-01,2.074994531489600114e+00,1.000000000000000000e+00
1.809314790018292651e+00,2.483769273727963744e-01,0.000000000000000000e+00
-1.904586124111047329e+00,-1.867717772637305984e+00,0.000000000000000000e+00
-8.591296267810868414e-01,1.852479869396131296e+00,1.000000000000000000e+00
5.382406269828132750e-01,6.431005680802722724e-01,1.000000000000000000e+00
-1.788894307234512038e+00,2.059830845531575250e+00,1.000000000000000000e+00
-1.132813723889100288e+00,2.842456582733388082e-02,0.000000000000000000e+00
1.427609189508736609e+00,-7.542244641860104681e-02,0.000000000000000000e+00
5.875062211818256053e-01,-8.166162031333348281e-01,0.000000000000000000e+00
1.063620894107498493e+00,-3.176453752735468594e-01,0.000000000000000000e+00
-4.534983744799103711e-01,-4.984901101774780185e-01,0.000000000000000000e+00
1.353847561022056833e+00,-7.936643230561215567e-01,0.000000000000000000e+00
1.648770626129334893e+00,-9.674226196577755399e-01,0.000000000000000000e+00
-8.164043451162177334e-01,-2.636124636040511615e-01,0.000000000000000000e+00
1.548121712389586513e+00,-1.502332070796826180e+00,0.000000000000000000e+00
-7.613784475582900946e-01,-1.176806080714201563e+00,0.000000000000000000e+00
-1.340287811184613709e+00,2.133705928657483319e+00,1.000000000000000000e+00
-8.412453735165850155e-01,-1.436382896084570093e-01,0.000000000000000000e+00
-1.891327795412212076e-01,6.767037603445503757e-01,1.000000000000000000e+00
-4.046241895307072234e-01,-2.282050492614702553e-01,0.000000000000000000e+00
7.660764192686242424e-02,-7.998188153284652158e-01,0.000000000000000000e+00
4.949431426908197373e-01,-1.019676748569094737e+00,0.000000000000000000e+00
-1.856005649874892693e+00,-5.554080016042456380e-01,0.000000000000000000e+00
1.583879239084793333e-01,1.387364680274597584e+00,1.000000000000000000e+00
-6.021692834689775786e-01,1.077225931420631305e-01,0.000000000000000000e+00
-9.507437042373108049e-01,-4.331887428349243119e-01,0.000000000000000000e+00
8.140088346377352124e-01,6.528905694578245045e-02,0.000000000000000000e+00
9.945521346762782322e-01,-1.354754450665395460e+00,0.000000000000000000e+00
9.374605675810996352e-01,-2.904644155288644281e-01,0.000000000000000000e+00
1.865385558081995576e+00,1.409012587259299343e+00,1.000000000000000000e+00
-1.155736116615284637e-01,-8.615102301033902288e-01,0.000000000000000000e+00
-3.410735476310646774e-01,2.845637291767138866e+00,1.000000000000000000e+00
-1.911655540343177417e+00,-2.211468337093029479e+00,0.000000000000000000e+00
3.003750858175977534e-01,5.772606969936538296e-02,0.000000000000000000e+00
6.277756499073396945e-01,4.848944762103443717e-02,0.000000000000000000e+00
9.026564720208343218e-01,5.807233096269917016e-01,1.000000000000000000e+00
-6.942948997879496709e-01,1.393376646586486967e+00,1.000000000000000000e+00
1.655241341438112190e+00,-5.111686186747429472e-01,0.000000000000000000e+00
1.982034317930952749e+00,-1.486191972520131688e-01,0.000000000000000000e+00
-1.522330637441431378e-01,-5.505380744599150944e-01,0.000000000000000000e+00
-5.016289496970283146e-01,-1.317578696415959483e+00,0.000000000000000000e+00
-1.658428002105427623e+00,1.251424231265190423e+00,1.000000000000000000e+00
-1.003875576936887892e+00,-1.404833773058645485e-01,0.000000000000000000e+00
4.732295772916517151e-01,1.413271419900536729e+00,1.000000000000000000e+00
-1.628195095659893621e+00,8.374006354452890877e-01,1.000000000000000000e+00
-5.207582484201860318e-01,-1.913208135498213558e+00,0.000000000000000000e+00
-1.115176002746844919e+00,-1.780359394614632107e+00,0.000000000000000000e+00
7.909103316526042704e-01,1.144244794303373780e+00,1.000000000000000000e+00
1.929508949705886156e+00,1.443581020268772663e-01,0.000000000000000000e+00
4.607017386804774794e-01,-6.649880103426988320e-01,0.000000000000000000e+00
1.340515591197930068e+00,-1.276533809525251639e+00,0.000000000000000000e+00
-3.134907432825606577e-02,-1.286635872979267958e+00,0.000000000000000000e+00
-6.357636728400675175e-01,1.334343947238232131e+00,1.000000000000000000e+00
1.818886050758669715e+00,-2.100325055153980380e-01,0.000000000000000000e+00
-1.894041591142969772e-01,-2.085780372448710618e-01,0.000000000000000000e+00
5.479045237310566918e-01,7.508239759588642981e-01,0.000000000000000000e+00
9.518320692125632476e-01,6.613439641117101475e-01,1.000000000000000000e+00
-7.532576404313009455e-01,-1.710526590682185155e+00,0.000000000000000000e+00
-7.966162130991607526e-01,1.321374830306138115e+00,1.000000000000000000e+00
-5.069013153459822618e-01,-4.652588511861392440e-01,0.000000000000000000e+00
-6.170650123440490908e-01,-1.864971514767939542e+00,0.000000000000000000e+00
-1.553370014023167656e-01,-1.077902608676320817e+00,0.000000000000000000e+00
3.871690184203173679e-01,8.489746989487331197e-01,1.000000000000000000e+00
-3.394575102959054291e-01,-1.317931277350484320e+00,0.000000000000000000e+00
-3.147744889112518152e-01,5.929363597534728081e-01,1.000000000000000000e+00
-1.621653131383832935e+00,2.832598945323932388e-02,0.000000000000000000e+00
1.740326497137863360e+00,2.577774728829003714e-01,0.000000000000000000e+00
-1.569073572164082275e+00,-1.083790031192931380e+00,0.000000000000000000e+00
-2.660881800954775223e-01,6.335387326657034857e-01,1.000000000000000000e+00
7.063702248753003232e-01,6.537506959562644493e-01,1.000000000000000000e+00
1.007822280479980126e+00,2.260283701364215414e+00,1.000000000000000000e+00
-4.210705851052596316e-01,-3.889719904532615291e-01,0.000000000000000000e+00
1.011621264583153934e+00,6.009943876585018829e-01,0.000000000000000000e+00
9.974341568973041916e-01,-2.831873373842606623e-01,0.000000000000000000e+00
-1.934729118225947619e+00,-1.336251458962493290e-02,0.000000000000000000e+00
1.700382511031675037e-01,-6.704902036071693772e-01,0.000000000000000000e+00
-1.638184229324608499e+00,-3.194301218474763226e-01,0.000000000000000000e+00
1.474164568417419829e+00,-1.989654842392847844e-01,0.000000000000000000e+00
-1.137608280884883971e+00,-9.833947556377748977e-01,0.000000000000000000e+00
8.737437966372683107e-01,1.375274009412778886e+00,0.000000000000000000e+00
-5.442841654119412453e-02,-1.009906943405432411e+00,0.000000000000000000e+00
-4.529656991513730802e-02,-7.279255024848589883e-01,0.000000000000000000e+00
-8.016618730484545985e-01,-4.184693419950743509e-01,0.000000000000000000e+00
1.183330366357009389e+00,3.659178363150329960e-01,1.000000000000000000e+00
-1.536998762767434634e+00,-7.192196676605656647e-01,0.000000000000000000e+00
1.749918465314943994e+00,3.571423427474899881e-02,0.000000000000000000e+00
-7.924249654704347279e-01,5.658058623900088513e-01,1.000000000000000000e+00
6.487886590292073485e-01,-6.769864206909124993e-02,0.000000000000000000e+00
-1.396376178731114415e+00,-8.296350004923301880e-01,0.000000000000000000e+00
3.162373207039661516e-01,2.590662390146456495e+00,1.000000000000000000e+00
-7.632403461987502524e-01,8.242634804553293781e-01,1.000000000000000000e+00
2.029423899092677175e-01,7.046608004555225957e-01,1.000000000000000000e+00
1.921838940070483837e+00,4.394654810075980245e-01,0.000000000000000000e+00
-1.559059889093163953e+00,8.052213749606434989e-01,1.000000000000000000e+00
-1.085964780113366501e-01,-1.811605226157326554e+00,0.000000000000000000e+00
-1.287870337207328575e-01,-5.317973687769536051e-01,0.000000000000000000e+00
-1.271063734270985623e+00,-8.102423965503957604e-01,0.000000000000000000e+00
4.880776565223761132e-01,1.109758061227105852e+00,1.000000000000000000e+00
1.613908509730035856e+00,1.185057439180143390e+00,1.000000000000000000e+00
1.900575053508529955e+00,-1.247946996232109695e+00,0.000000000000000000e+00
-1.456901796003383431e+00,-3.410846153672844605e-01,0.000000000000000000e+00
-2.443937987443400850e-01,8.451855394248379560e-02,0.000000000000000000e+00
-1.713052657085013308e+00,-3.190346490979491523e-01,0.000000000000000000e+00
3.200324180060563073e-01,-7.119550070120321816e-01,0.000000000000000000e+00
-6.815431971200491823e-01,-9.935483580467197040e-01,0.000000000000000000e+00
-1.277801883721623177e+00,-1.036623928090728425e-01,0.000000000000000000e+00
-3.363560674133285744e-01,8.209129444678664456e-01,1.000000000000000000e+00
-3.056127151768541772e-01,-4.595365497224617735e-01,0.000000000000000000e+00
-9.429020462689674531e-02,2.429176441670968245e+00,1.000000000000000000e+00
1.780387634214413151e+00,-2.114894797024359008e+00,0.000000000000000000e+00
5.611418311318532304e-01,-4.481401218627887317e-01,0.000000000000000000e+00
-2.535703161133748829e-01,1.655508397850508073e+00,1.000000000000000000e+00
-1.987515062272231514e+00,1.372970871609053845e-01,0.000000000000000000e+00
-9.314983336621676102e-01,-7.441568445390271940e-04,0.000000000000000000e+00
-1.080143948756036920e+00,-9.113151957235831047e-01,0.000000000000000000e+00
-2.663738286583239301e-01,-2.060297594723873582e-01,0.000000000000000000e+00
-1.011760507717428315e+00,-2.144781779934890498e+00,0.000000000000000000e+00
1.721971379079874076e+00,7.859074274607382726e-01,1.000000000000000000e+00
1.708430949903648521e+00,5.531761825429364343e-01,1.000000000000000000e+00
-1.794347487631627658e+00,7.942023406622658044e-01,1.000000000000000000e+00
1.615049504503531352e+00,5.178931447351898809e-01,0.000000000000000000e+00
-8.441622211544403953e-01,6.825704254274442828e-01,0.000000000000000000e+00
1.877258011710343677e+00,-6.207391530168318017e-01,0.000000000000000000e+00
-7.908770994214480154e-01,1.669357497004912705e-01,0.000000000000000000e+00
7.322337401549887659e-01,-8.785769350903392949e-01,0.000000000000000000e+00
-1.674694543472572406e-01,3.872130822146302442e-01,1.000000000000000000e+00
-1.565635698787058772e+00,-1.307524011062670688e+00,0.000000000000000000e+00
-9.469714036265997059e-01,-5.968258317769724597e-01,0.000000000000000000e+00
6.551816885773131816e-02,-2.443687190641696816e+00,0.000000000000000000e+00
-3.085244782292599908e-01,-4.251790991158893585e-01,0.000000000000000000e+00
-1.490608858543381654e+00,9.207188682756002329e-01,1.000000000000000000e+00
1.629437358591351526e+00,-6.013714335378961273e-01,0.000000000000000000e+00
-6.560211795595609630e-01,-2.869993311611647169e-01,0.000000000000000000e+00
-9.109877454416586140e-01,4.716212827574484123e-01,1.000000000000000000e+00
5.610582334159319728e-01,-4.773705616318824618e-01,0.000000000000000000e+00
1.131646998734415543e+00,-6.188312382866814065e-01,0.000000000000000000e+00
4.610100491994613137e-01,-5.997934627391996454e-01,0.000000000000000000e+00
-2.057383618241450662e-01,-3.603844936503388663e-01,0.000000000000000000e+00
1.463110592420173717e-01,-5.363403553668287804e-01,0.000000000000000000e+00
3.765789966322268256e-01,-6.513029744855770575e-01,0.000000000000000000e+00
-9.213445439648668689e-01,1.525118192991710975e-01,0.000000000000000000e+00
1.154371824882739261e+00,6.223808268719982495e-01,0.000000000000000000e+00
-1.316825404857541848e+00,4.203527600007621046e-01,1.000000000000000000e+00
1.778459679165991236e+00,-7.350039972228294971e-01,0.000000000000000000e+00
1.565343046657297954e+00,-6.682281993607313009e-01,0.000000000000000000e+00
-1.469908653029436074e+00,-9.476719726041670233e-01,0.000000000000000000e+00
9.577992476058629912e-01,-2.924958901538501910e-01,0.000000000000000000e+00
-4.810865973441340593e-01,2.254352524008928771e-01,0.000000000000000000e+00
1.369968329919438954e+00,4.389366180443765031e-01,0.000000000000000000e+00
7.553520888523546084e-01,7.853068526018402995e-01,1.000000000000000000e+00
8.960173309755141702e-01,-8.160008181635154401e-01,0.000000000000000000e+00
1.473159960439410110e+00,8.736934480523655955e-02,0.000000000000000000e+00
9.812185993226028025e-01,1.244707951985725813e+00,0.000000000000000000e+00
-1.742644849495767811e+00,6.252573287628384602e-01,1.000000000000000000e+00
-1.550425966700414104e+00,1.492355167975681018e+00,1.000000000000000000e+00
1.750505594104083684e+00,4.220479553404227757e-01,0.000000000000000000e+00
-8.838614115250202907e-01,6.817622284552922185e-01,0.000000000000000000e+00
-6.151394686495867958e-01,-1.501183579431200732e+00,0.000000000000000000e+00
1.194242182268292929e+00,-1.517612279102307227e+00,0.000000000000000000e+00
-1.838030900286004243e+00,-1.343799085305333652e+00,0.000000000000000000e+00
8.492775348621055542e-01,-8.958251183334200451e-01,0.000000000000000000e+00
5.183238983696725199e-02,1.281055353935762753e+00,1.000000000000000000e+00
-1.668037469017847219e+00,9.433999120827044060e-02,0.000000000000000000e+00
-1.184091461599963591e+00,9.851583758475466190e-01,1.000000000000000000e+00
3.827537251309336419e-01,1.107036086581867584e+00,1.000000000000000000e+00
-1.182872119140121470e+00,-1.741577395052455346e+00,0.000000000000000000e+00
-1.623693643341458159e+00,1.928110568933796842e-01,0.000000000000000000e+00
1.128037964794771586e+00,-6.159486355583544404e-01,0.000000000000000000e+00
1.735409468096048347e+00,7.429310837148747071e-01,1.000000000000000000e+00
-1.180948455519990503e+00,-1.962714643410326643e+00,0.000000000000000000e+00
-1.369969084820636063e+00,-8.783913811462243926e-01,0.000000000000000000e+00
-5.529744676612691201e-01,-9.262137332070197182e-01,0.000000000000000000e+00
-2.231579054480943292e-01,-4.399435399002573632e-01,0.000000000000000000e+00
8.237256576939122610e-02,4.099221158999106773e-01,1.000000000000000000e+00
1.164322651030719857e+00,1.190478055651720712e+00,1.000000000000000000e+00
1.964362659186780213e+00,-1.064294153905021023e+00,0.000000000000000000e+00
1.977992911171295720e+00,-2.196820028289887539e+00,0.000000000000000000e+00
-9.386970508095324739e-01,-1.384160836097281910e+00,0.000000000000000000e+00
-4.366209041588775541e-01,1.366980216022009920e+00,0.000000000000000000e+00
4.741725319259013638e-01,1.294518752486679913e+00,1.000000000000000000e+00
5.963768719953832509e-01,-1.058465408735857760e-01,0.000000000000000000e+00
-1.606779252978084216e+00,2.060455888807314617e-01,0.000000000000000000e+00
1.772674727139327278e+00,-1.654644789075038853e-03,0.000000000000000000e+00
-1.021209206312303053e+00,1.262763713827376177e+00,1.000000000000000000e+00
-1.342989115421184376e+00,-4.918088946092329938e-01,0.000000000000000000e+00
1.949875830971337987e+00,8.037234006863943625e-01,1.000000000000000000e+00
-1.748716950702783102e+00,-9.163626492470214879e-01,0.000000000000000000e+00
-2.078503011726038352e-01,6.837090017389381158e-01,1.000000000000000000e+00
3.089129439186755199e-01,-4.633057997669215444e-01,0.000000000000000000e+00
-1.263955402433687869e+00,-2.252964047116577939e-01,0.000000000000000000e+00
4.102861139166633642e-01,2.354356552097198740e-01,0.000000000000000000e+00
1.008311679138843342e+00,-9.783324842912002328e-01,0.000000000000000000e+00
1.958678726393199732e+00,-9.711545465486054463e-01,0.000000000000000000e+00
-1.605953637039399862e+00,1.411248120273084661e+00,1.000000000000000000e+00
-3.666523987971124221e-01,4.168091885221609227e-01,1.000000000000000000e+00
1.078905051327602393e+00,1.932181117300569018e-01,0.000000000000000000e+00
4.156395691275212023e-01,8.821434137278248988e-01,1.000000000000000000e+00
-1.361695852609250412e+00,-1.087013428520406277e+00,0.000000000000000000e+00
8.481263103595293451e-01,1.110796089185033697e+00,1.000000000000000000e+00
1.244496141463643735e+00,1.056618902093196866e+00,1.000000000000000000e+00
-6.564535526968517942e-02,1.027517192290859249e+00,1.000000000000000000e+00
-1.397098741369124486e+00,-2.402790582639862116e+00,0.000000000000000000e+00
1.884923107908706985e+00,5.570627077478799150e-01,1.000000000000000000e+00
1.683027663094324389e+00,1.396929613547948756e+00,1.000000000000000000e+00
-1.094931760776865826e+00,-7.894168828064247467e-01,0.000000000000000000e+00
1.469010413038324359e+00,-2.337746853971407746e-02,0.000000000000000000e+00
1.180122298119251845e+00,-2.191819597221593252e+00,0.000000000000000000e+00
9.257805853210383518e-01,-1.742763457222479828e-01,0.000000000000000000e+00
1.453804402730106471e+00,2.112157437512201863e+00,1.000000000000000000e+00
-1.438010316061589577e+00,-7.178972384882108537e-01,0.000000000000000000e+00
1.305319035385167137e+00,1.045212222775843802e+00,1.000000000000000000e+00
8.695890084578006274e-01,-2.881008937430066474e+00,0.000000000000000000e+00
-1.765586647579211466e-01,3.055886996789402010e-01,1.000000000000000000e+00
6.868369165847298952e-01,6.713794783499020813e-01,1.000000000000000000e+00
1.494193477095943745e+00,1.330187644770693955e-01,0.000000000000000000e+00
-8.063047974543469110e-01,1.095172749009062363e+00,1.000000000000000000e+00
-1.714056065844437704e+00,1.506704116618088563e+00,1.000000000000000000e+00
-1.929835925353371007e+00,1.629560156132593862e+00,1.000000000000000000e+00
1.959745093518124648e+00,-2.096691079534152014e-01,0.000000000000000000e+00
1.242536579369511784e+00,-8.044287036652991718e-01,0.000000000000000000e+00
1.361595569345003032e+00,-8.477547030069987333e-01,0.000000000000000000e+00
2.422077043754984338e-01,1.379152387132362767e+00,0.000000000000000000e+00
-1.123498416586366400e+00,-7.040773465708149992e-02,0.000000000000000000e+00
-1.000526545172301773e+00,2.777909137493425606e-01,0.000000000000000000e+00
-6.628949795555652003e-01,-7.883501179226225508e-01,0.000000000000000000e+00
7.118260527108382085e-01,1.408752441658480015e+00,1.000000000000000000e+00
-1.488861426316672620e+00,1.140892676636528602e+00,1.000000000000000000e+00
-1.863124864271600067e+00,-1.463443400316758236e+00,0.000000000000000000e+00
7.444328423819621676e-01,1.415728454791722601e+00,1.000000000000000000e+00
-1.653691717259934357e+00,1.249390035118863151e+00,1.000000000000000000e+00
4.122660403683560126e-01,-1.034064078154932620e+00,0.000000000000000000e+00
1.084302597509373189e+00,-1.036709864089628397e+00,0.000000000000000000e+00
1.722015015123825599e-01,-1.036913780749456393e+00,0.000000000000000000e+00
1.803911201946332810e+00,9.438717594779301168e-01,1.000000000000000000e+00
-5.671715939903476666e-01,5.356470171025330407e-01,1.000000000000000000e+00
-1.423221641209873045e+00,5.157730883792162047e-01,1.000000000000000000e+00
-1.118318981054697847e+00,-6.839411848337656474e-02,0.000000000000000000e+00
-1.863020164527531719e+00,8.377728317989233675e-01,1.000000000000000000e+00
-7.786685125964152299e-01,-1.317275914729225450e+00,0.000000000000000000e+00
3.485531322252799491e-01,-1.487920303789161958e-01,0.000000000000000000e+00
1.368169183947773426e+00,1.439757386879676693e+00,1.000000000000000000e+00
1.454975154250028879e+00,2.912204872270641731e-01,0.000000000000000000e+00
1.636020616477186884e+00,1.051213260953505424e+00,1.000000000000000000e+00
-5.838932891162733618e-01,2.743820239092494007e-02,0.000000000000000000e+00
-1.581323523540936193e+00,3.811897603609223917e-01,0.000000000000000000e+00
-1.413713644681181769e+00,2.292166104659053572e-01,0.000000000000000000e+00
1.503175213850637348e+00,-2.139289578825223359e-01,0.000000000000000000e+00
1.178106094275220173e+00,-1.915942670081606514e-02,0.000000000000000000e+00
1.375187930013400894e+00,-8.756919401590371743e-01,0.000000000000000000e+00
-1.696996031976683472e+00,-1.199962147546002944e+00,0.000000000000000000e+00
2.520659870210137932e-01,-1.659169117257701387e-01,0.000000000000000000e+00
1.468327753948717174e+00,7.163887518632908735e-01,1.000000000000000000e+00
-3.379409139451206023e-01,-1.498491768639684363e+00,0.000000000000000000e+00
8.597701138107494145e-02,1.157005068493966338e+00,1.000000000000000000e+00
-1.545856689249683669e+00,8.464250777336377318e-01,1.000000000000000000e+00
-2.910160283836153994e-01,6.689687822584701182e-01,1.000000000000000000e+00
-1.922445595250827921e-01,8.035316957055408382e-01,1.000000000000000000e+00
-1.157717131505364705e+00,-1.857753758293680502e+00,0.000000000000000000e+00
1.913037067845555939e+00,-1.044912276280732355e+00,0.000000000000000000e+00
1.070648338445123304e+00,-2.153748070703055129e-01,0.000000000000000000e+00
6.258953513420104642e-01,1.540950319072404540e+00,1.000000000000000000e+00
-8.785229519577701929e-01,-2.183699542145099703e-01,0.000000000000000000e+00
1.355674617285078654e-01,-1.437812909431633590e-01,0.000000000000000000e+00
-1.642735444121444566e+00,1.120354728570038400e-01,0.000000000000000000e+00
-1.048880914843071110e-01,-8.895525528592438391e-01,0.000000000000000000e+00
1.359372398837596307e+00,7.792297856511193332e-01,1.000000000000000000e+00
-1.886510060692470070e-01,1.117665711739272760e+00,1.000000000000000000e+00
-4.247012793573454736e-01,2.196514644759041679e-01,0.000000000000000000e+00
1.844528842270807711e+00,-6.772190107494939770e-01,0.000000000000000000e+00
-9.304320989699794708e-01,2.787307739691154751e+00,1.000000000000000000e+00
1.656840186912467594e+00,6.720815826988044694e-01,1.000000000000000000e+00
1.348742773875198253e+00,-2.465411090497971802e+00,0.000000000000000000e+00
-4.789419871725693056e-01,1.641254297972548903e-01,0.000000000000000000e+00
9.940819866513042058e-01,-1.054753209730625585e+00,0.000000000000000000e+00
9.581186153962000240e-01,-1.076222436345222633e+00,0.000000000000000000e+00
1.004641080599524283e+00,-1.330128901917586592e+00,0.000000000000000000e+00
1.948582352628672965e+00,4.897617593855694285e-01,0.000000000000000000e+00
1.632791441931189524e+00,2.648555351530282320e-01,0.000000000000000000e+00
-1.371428574382461463e+00,1.403831241225074633e+00,1.000000000000000000e+00
-1.958572131494217494e+00,2.699362931551582689e-01,0.000000000000000000e+00
-7.240868673689138113e-01,-8.031285835154982067e-01,0.000000000000000000e+00
1.759408886787173554e+00,-1.369748042991520309e+00,0.000000000000000000e+00
1.036692859468645089e+00,1.807541995554664549e-01,0.000000000000000000e+00
1.304202811284954411e+00,1.303147858409977822e+00,1.000000000000000000e+00
1.920774042904489498e-01,1.034818844017331596e+00,1.000000000000000000e+00
-4.466675845812329015e-01,-3.120031990610426798e-01,0.000000000000000000e+00
-1.848318969935815570e+00,8.723985776424960648e-01,1.000000000000000000e+00
-9.613564164872951956e-01,-3.214277546592375079e-01,0.000000000000000000e+00
1.350324985320676241e+00,8.275987618882061359e-01,1.000000000000000000e+00
7.841672375794361827e-02,-1.487364059795427851e+00,0.000000000000000000e+00
-7.363346795169629644e-01,1.761957380577381937e-01,0.000000000000000000e+00
-4.140948717817543034e-01,8.447058297630113399e-01,1.000000000000000000e+00
-8.588382429235550397e-01,-6.096540121050162409e-01,0.000000000000000000e+00
-6.173799851929744342e-01,1.134753409490632248e-01,0.000000000000000000e+00
5.270049657671131982e-01,-6.838965109520571684e-01,0.000000000000000000e+00
4.039807657112208794e-01,-7.164808967695310837e-01,0.000000000000000000e+00
1.668679144072524156e+00,7.864500060034892437e-01,1.000000000000000000e+00
1.941500180536412934e-01,1.097313624741336202e+00,1.000000000000000000e+00
1.155439483267951317e+00,2.982806802580873495e-01,0.000000000000000000e+00
-1.357931074826768114e+00,1.094204244843045126e+00,1.000000000000000000e+00
-4.622362883099220277e-01,1.286022144496343333e+00,1.000000000000000000e+00
4.867365337918148072e-01,-2.307831709408906806e-01,0.000000000000000000e+00
-1.357168534601884247e+00,-1.205292249566292551e+00,0.000000000000000000e+00
-1.357833518338158463e-01,-1.770535071990307685e+00,0.000000000000000000e+00
7.639907704361585949e-01,-3.733878670853923443e-01,0.000000000000000000e+00
-1.083268362673105667e+00,2.693372200348289169e+00,1.000000000000000000e+00
2.308063223297924793e-01,8.588103521795577011e-01,1.000000000000000000e+00
-1.348901610036193688e+00,2.039059177612464191e-01,0.000000000000000000e+00
-7.463895593450970978e-01,-2.525973114899162653e+00,0.000000000000000000e+00
5.890547860349690801e-01,9.019843528257516230e-01,1.000000000000000000e+00
-1.298252635642629382e+00,1.393467442724140026e+00,1.000000000000000000e+00
7.460820055547978669e-02,-3.543897566030685398e-01,0.000000000000000000e+00
1.539085033013604331e+00,-2.261410504465619642e-01,0.000000000000000000e+00
-5.563294896135966283e-01,7.419628502355379851e-01,1.000000000000000000e+00
2.010411294302425489e-01,-9.013279990739876402e-01,0.000000000000000000e+00
4.634011835628846221e-01,2.793178089122381746e-01,0.000000000000000000e+00
-1.100457876541855562e+00,-1.325352581054249357e-01,0.000000000000000000e+00
1.364239639541114713e+00,-1.948368321996602481e-01,0.000000000000000000e+00
-1.868088075598924647e+00,-1.309980226155002259e-01,0.000000000000000000e+00
-9.644111328733817601e-01,2.460985742504260762e-02,0.000000000000000000e+00
-2.467911556368043158e-01,-4.636684898413114264e-01,0.000000000000000000e+00
1.206221104833155255e+00,-9.405620860760216528e-01,0.000000000000000000e+00
-5.426098903300617948e-01,-1.278777615766288900e+00,0.000000000000000000e+00
-2.633196533390247396e-01,-3.604179583248838525e-02,0.000000000000000000e+00
1.971562441157332035e+00,1.720176227541308611e+00,1.000000000000000000e+00
5.670627821886955466e-01,9.603186381230378599e-01,1.000000000000000000e+00
-9.459004791550755797e-01,1.565741016306264832e+00,1.000000000000000000e+00
-7.998776437371737380e-01,-2.580268014736018523e-01,0.000000000000000000e+00
-6.425701263648884165e-01,8.567766443289585032e-01,1.000000000000000000e+00
3.135682745937931060e-01,-1.775375808381311593e+00,0.000000000000000000e+00
1.620371567216893904e+00,-5.871741703939684642e-01,0.000000000000000000e+00
5.180679261606377928e-01,-3.605112751260117210e-01,0.000000000000000000e+00
1.310177690405618822e+00,2.296942388641005361e-01,1.000000000000000000e+00
-1.737777317672161814e+00,-2.029667558029679686e+00,0.000000000000000000e+00
1.990915829313236962e+00,-1.734527812924542944e+00,0.000000000000000000e+00
-8.119999859739848169e-01,9.543335449665188430e-02,0.000000000000000000e+00
-4.510478891723139760e-01,-3.160575267468936911e-01,0.000000000000000000e+00
1.970522195603186866e+00,-1.479638859949749252e-01,0.000000000000000000e+00
-3.729109600539013414e-01,3.294567770192250444e-01,0.000000000000000000e+00
-8.295105927659283118e-01,-7.364611122592765180e-02,0.000000000000000000e+00
1.540593729683672031e+00,-1.170802955483026819e+00,0.000000000000000000e+00
3.418256585490642152e-02,-4.102200058238289482e-01,0.000000000000000000e+00
-9.715061740359236531e-01,5.936787166865133969e-01,1.000000000000000000e+00
-4.938919738532741022e-01,6.541414023655092724e-02,0.000000000000000000e+00
1.118564896731017999e+00,7.093712129183250559e-01,1.000000000000000000e+00
1.732062978802146436e+00,1.057488371040056663e+00,1.000000000000000000e+00
1.950219123063723359e+00,1.249744647774707618e-01,0.000000000000000000e+00
-2.255995080189765467e-01,-1.733009301289464288e-01,0.000000000000000000e+00
-3.727281256727894565e-01,2.711987152588170996e-02,0.000000000000000000e+00
5.308003847362661176e-01,1.514820042896246166e+00,1.000000000000000000e+00
-1.214942397820095721e-01,-1.535143353893283491e+00,0.000000000000000000e+00
1.401749288606847887e+00,3.146111052748475911e-01,0.000000000000000000e+00
-1.148979192245371816e+00,6.820439202688971525e-01,1.000000000000000000e+00
-9.085097687555165891e-03,-4.606481388605645350e-02,0.000000000000000000e+00
1.207823464032252048e+00,6.928014687123920101e-01,1.000000000000000000e+00
-1.986899759020643419e+00,-2.571809185102454376e-01,0.000000000000000000e+00
-6.440960292478448146e-01,-2.581792340455226209e-01,0.000000000000000000e+00
-1.603707835010484750e+00,-6.337817115916567490e-01,0.000000000000000000e+00
-3.176017262591455115e-01,1.104881433238427135e+00,1.000000000000000000e+00
-9.716844714794765636e-01,8.382733143521858832e-01,0.000000000000000000e+00
-2.511675163042297321e-01,1.254732494879890581e+00,1.000000000000000000e+00
-8.136549906860857106e-04,-1.254570468096742886e-01,0.000000000000000000e+00
-3.192884552354677830e-01,-1.617610214668674828e+00,0.000000000000000000e+00
1.730468968947167951e+00,-2.835886743752563111e-01,0.000000000000000000e+00
-7.830456626667232634e-01,3.681082529415227733e-01,0.000000000000000000e+00
2.115959336992383477e-01,-6.337224803680985286e-01,0.000000000000000000e+00
1.489678863512504670e-01,9.678768540132867138e-01,1.000000000000000000e+00
1.167544870411843849e+00,-5.830033740891722438e-01,0.000000000000000000e+00
2.610085565416375708e-01,-9.496335596049786387e-01,0.000000000000000000e+00
-6.494787520907485678e-01,1.191493465871388685e-01,0.000000000000000000e+00
-7.452880140014412902e-01,5.126667518958664266e-02,0.000000000000000000e+00
-1.969576312112369276e+00,-1.149830040772934270e+00,0.000000000000000000e+00
-1.234333962289038134e+00,-7.332017487046916804e-01,0.000000000000000000e+00
1.841826172348633328e+00,-8.786667455437333629e-01,0.000000000000000000e+00
-1.124273244282765649e+00,-4.573368582431526219e-01,0.000000000000000000e+00
1.717683948556614659e+00,-5.725339208736537344e-01,0.000000000000000000e+00
-9.788538227610783515e-01,1.649281074797033897e+00,1.000000000000000000e+00
-1.182491157268575233e+00,1.277921092284816540e+00,1.000000000000000000e+00
-6.922474171607175819e-01,-2.514764749901624352e+00,0.000000000000000000e+00
1.474836235336060675e+00,-1.898494500393250739e+00,0.000000000000000000e+00
1.752342476312707120e+00,-5.640023895352329619e-01,0.000000000000000000e+00
-1.123050124461475008e+00,-6.023327534234670377e-01,0.000000000000000000e+00
-1.347577410533481235e+00,3.446766306970167615e-01,1.000000000000000000e+00
1.289518333973809217e+00,-6.110473450892491831e-01,0.000000000000000000e+00
6.451965654467493039e-01,-1.130510357589443515e+00,0.000000000000000000e+00
-1.626827116450504818e+00,-2.914900068091236807e-01,0.000000000000000000e+00
1.805400011797676285e+00,5.863476354961024706e-01,1.000000000000000000e+00
2.177238610207683500e-01,-4.710135304576367754e-01,0.000000000000000000e+00
1.810109831418277526e+00,-1.414751766620734874e-01,0.000000000000000000e+00
8.120299095885834539e-01,3.861705213755518007e-01,0.000000000000000000e+00
-1.497933378017076933e+00,9.571422065458865536e-01,1.000000000000000000e+00
7.738935252827778832e-01,-1.575041547045066492e+00,0.000000000000000000e+00
1.888244850655845575e+00,-9.203129460701926501e-01,0.000000000000000000e+00
1.914721887714632587e+00,-1.645285522599261030e-01,0.000000000000000000e+00
9.364871860154448946e-01,-4.975910481636501848e-01,0.000000000000000000e+00
2.250535775988575793e-01,2.159428675179049795e-01,0.000000000000000000e+00
6.852373125872062154e-01,2.417278738598208632e-01,0.000000000000000000e+00
-2.677786446355434613e-01,-5.819697658978907340e-01,0.000000000000000000e+00
7.932358534794019533e-01,-1.841432535412559635e-01,0.000000000000000000e+00
-6.783486230342949952e-01,1.217363361985894343e+00,0.000000000000000000e+00
-1.915144465808879204e+00,8.032247189278548527e-01,1.000000000000000000e+00
-1.989223948361586114e+00,3.034405445969146631e-01,1.000000000000000000e+00
-9.033651951003114355e-01,2.645818331159357939e+00,1.000000000000000000e+00
4.108718816308685184e-01,1.150107106346561769e+00,1.000000000000000000e+00
-1.586526781348335913e+00,1.852775575048088541e+00,1.000000000000000000e+00
-4.159013858101499039e-01,-7.036715038880700934e-01,0.000000000000000000e+00
8.071039514928637360e-01,9.533703679469982539e-01,1.000000000000000000e+00
1.356177771596039694e+00,9.113195590714604499e-01,1.000000000000000000e+00
1.883847398374130844e+00,-2.127338699408929834e+00,0.000000000000000000e+00
3.584171296083167313e-01,2.949449614053827884e-01,1.000000000000000000e+00
-6.676489123178774854e-01,7.302579262528693382e-01,1.000000000000000000e+00
1.816578782575247963e+00,2.468444040187776911e-01,0.000000000000000000e+00
1.708754064616360591e+00,-1.184628967545955147e+00,0.000000000000000000e+00
-6.943323822120239797e-01,-2.604278184392331830e-01,0.000000000000000000e+00
6.833900026723385146e-01,1.352477456428320179e+00,1.000000000000000000e+00
1.793252882006807880e+00,6.037127227042432542e-01,1.000000000000000000e+00
6.207760116875649103e-01,1.691509843908271526e-01,0.000000000000000000e+00
-6.811859152823211971e-01,-1.180826585393210726e+00,0.000000000000000000e+00
-5.411882316817160365e-01,2.788626844221555601e-01,0.000000000000000000e+00
-1.191161695525314368e+00,2.963830579718785274e-01,0.000000000000000000e+00
6.742991592451832439e-01,2.696372455056686990e-01,0.000000000000000000e+00
-1.607378337343730035e+00,1.955576371286318560e+00,1.000000000000000000e+00
-1.511702345905199252e-01,9.902445772315575656e-01,1.000000000000000000e+00
-1.257733849866585096e+00,-1.807993931137419796e+00,0.000000000000000000e+00
2.721914455896792262e-01,-1.515127716009843084e+00,0.000000000000000000e+00
-4.953405600943727727e-01,-2.991427775549034829e-01,0.000000000000000000e+00
-1.113186504805511401e+00,-6.043477806667079122e-01,0.000000000000000000e+00
-1.461530591532099077e+00,-1.424362431279761365e+00,0.000000000000000000e+00
3.342401211780967607e-01,-9.321845467278746522e-01,0.000000000000000000e+00
-1.558333516621064785e+00,1.306604407547731495e-01,0.000000000000000000e+00
-1.173949309371771221e-01,-1.443878974995361358e-02,0.000000000000000000e+00
1.933569056620751070e+00,7.407817190560032072e-01,0.000000000000000000e+00
-1.658043508537052624e+00,1.199416437623384457e+00,1.000000000000000000e+00
4.786999004986305373e-01,-6.528548958578640482e-01,0.000000000000000000e+00
7.340372983022778186e-01,-8.655620364477059070e-01,0.000000000000000000e+00
-1.389695137004962611e-01,4.769200351797182047e-01,1.000000000000000000e+00
9.144648060399567235e-01,3.953172360958024933e-01,0.000000000000000000e+00
-5.534389688768568405e-01,1.368154653971179191e-01,0.000000000000000000e+00
1.904766428745279683e+00,-6.845618207213101103e-01,0.000000000000000000e+00
-1.865353877341423328e+00,2.339189767337607417e+00,1.000000000000000000e+00
-1.649589533650674955e+00,3.412285099182165160e-01,0.000000000000000000e+00
-5.202939516344775583e-01,1.135966350680935655e+00,1.000000000000000000e+00
8.407465881556781540e-01,-2.328369417520895768e-01,0.000000000000000000e+00
1.470386609902468056e+00,-1.003686847639998048e+00,0.000000000000000000e+00
1.712732024799923813e+00,-1.496671311908351898e+00,0.000000000000000000e+00
3.339217445723101640e-01,1.136651417886144655e+00,1.000000000000000000e+00
-3.171182341200258215e-01,1.555775252956385746e+00,1.000000000000000000e+00
3.920823883885984351e-01,6.084720150034733654e-01,1.000000000000000000e+00
3.369979073729130192e-01,9.146634665844957102e-01,1.000000000000000000e+00
1.999127309275918307e+00,8.385532640564438145e-01,1.000000000000000000e+00
-3.028499349771189841e-01,1.569308462914416613e-01,0.000000000000000000e+00
1.177847920792836511e+00,2.057652400417817884e-01,0.000000000000000000e+00
1.782829188021457512e+00,-2.232532765009403730e-01,0.000000000000000000e+00
-1.555398684070052884e+00,1.228284489896055875e+00,1.000000000000000000e+00
-1.528204488309615972e+00,-6.702798190739606143e-01,0.000000000000000000e+00
9.794312854760818254e-01,-8.505442091776909130e-01,0.000000000000000000e+00
1.032571617729240998e+00,9.134914417753101645e-01,1.000000000000000000e+00
-1.029025756804413660e+00,-1.051971549413553753e+00,0.000000000000000000e+00
1.358418311022829617e+00,1.628454564804589569e-02,0.000000000000000000e+00
2.018003888599047002e-01,-3.685421583091669784e-01,0.000000000000000000e+00
5.019010542663515650e-01,-6.597814057117715736e-01,0.000000000000000000e+00
-6.635618704001555734e-01,-1.818826488871519709e-01,0.000000000000000000e+00
4.566961260694211155e-01,8.384889829119918092e-01,1.000000000000000000e+00
-2.606878063859983108e-01,1.823696755746060605e+00,1.000000000000000000e+00
-2.416949059263693300e-01,-1.064509766184176698e+00,0.000000000000000000e+00
2.576442692045937122e-01,-1.585056740238849127e+00,0.000000000000000000e+00
1.529663412465102290e+00,-1.768872748259588512e+00,0.000000000000000000e+00
-6.479533844866858239e-01,1.092682126278090360e+00,1.000000000000000000e+00
-3.647850550490039367e-01,-4.390400962528915318e-01,0.000000000000000000e+00
5.456972479126314113e-01,1.196614214747888427e+00,1.000000000000000000e+00
6.205789475378025166e-01,1.066685087756292338e+00,1.000000000000000000e+00
8.551725352814276704e-02,-6.083520342846379103e-01,0.000000000000000000e+00
7.891312439076778595e-01,1.089372765670531124e-01,0.000000000000000000e+00
2.955629224896805241e-02,-1.447527790694316474e+00,0.000000000000000000e+00
1.566419783088804252e+00,4.755337106847401518e-01,0.000000000000000000e+00
-1.243915451061094579e+00,3.448752591780157029e-01,0.000000000000000000e+00
-1.975567594637846369e+00,-3.373919338172151616e-01,0.000000000000000000e+00
-1.313675469546231600e+00,1.370863218718953780e+00,1.000000000000000000e+00
5.859561843840976891e-01,-1.134054556236409050e+00,0.000000000000000000e+00
1.756229384791586856e+00,-1.938573333170307222e+00,0.000000000000000000e+00
1.897239128956492937e+00,-1.584203053800202765e-01,0.000000000000000000e+00
1.889097077082726006e+00,-5.721623465127106956e-01,0.000000000000000000e+00
1.006928809366243183e+00,-1.242935525752995041e+00,0.000000000000000000e+00
-1.982357493448152930e+00,6.221380126010577216e-01,1.000000000000000000e+00
-1.652703426916830587e+00,-1.317370131622337404e+00,0.000000000000000000e+00
-1.781268910363104752e+00,-1.382161188083899539e+00,0.000000000000000000e+00
-6.978128632415891985e-02,1.667859953012020280e-01,0.000000000000000000e+00
1.396164696035797625e-01,8.528157033559768951e-01,1.000000000000000000e+00
1.085191345945057062e+00,-1.406993821513027099e+00,0.000000000000000000e+00
1.621376765755225602e+00,1.146661816028659242e+00,1.000000000000000000e+00
-6.494668190332224533e-01,-3.700921670826172183e-01,0.000000000000000000e+00
-1.915582523456909048e+00,-1.393286461520444608e-01,0.000000000000000000e+00
-8.782671854921346721e-01,-1.192889041267821554e-02,0.000000000000000000e+00
7.041541206789294627e-01,-2.733507599419902623e-01,0.000000000000000000e+00
