x1,x2,y
-0.849689919501543,-0.6018928459850164,0
1.1532205417752266,-0.9936985910987144,0
-0.36409231275320053,1.0267850560749041,1
1.5320696160197258,0.7510613026063233,1
1.7618691371753812,-1.509166537328701,0
-1.8177740024402738,-0.09514745084928676,0
0.11242195218801498,-0.8959478227564988,1
1.5696761775761843,-2.070751070541964,0
0.20574005786329508,0.15012013118814335,0
-0.1735410587862134,-0.07921170925858824,0
1.8273333813995123,-0.09736926751308099,1
-0.186663375236094,0.21615254180123264,1
0.7102825418114662,0.8824651643965872,1
0.29053360782563686,0.20559750448338662,1
-1.588301269337535,-0.6164358428735284,0
1.599299881607294,-0.7347992519212811,1
-1.0156490625813603,-0.13180279304118106,0
-1.831761865876615,0.31001698657895177,1
-0.6883171228691936,-1.0396803527020415,0
1.8180145965889096,-0.18430886884238382,1
1.5581572642549872,0.9672672601679138,1
0.7712136246263981,-0.10828009123448613,0
0.5620272550731897,-0.6984206675943903,0
1.9770791064947844,-0.27594516842553973,1
0.6228231964632869,1.1146485453619799,1
0.8341218726709485,0.550043961214136,1
0.17626409884542227,1.2366758000816054,1
0.3765680817887187,0.1390978571617711,1
-0.8433610508218408,0.41027509649042515,0
-1.4115454107522964,-0.5584569123481329,1
1.8520969301462173,0.6053706689303329,1
1.6091961804777384,-0.5063335421892394,1
0.7628211136907339,-1.4205655046957444,0
1.1818696707487106,0.12799296568412577,1
-1.901545261964202,1.9458512177314353,1
-0.08881611563265324,0.8009143395730616,0
1.0338381500914693,1.1652533899462603,1
-1.1343682566657662,0.3588557230931522,0
-0.7272759694606066,-0.6085571783162245,1
-1.0734968585893512,-0.20224085511028375,1
-1.4287999104708433,-0.27324810681192524,0
-0.34181465674191713,-0.4686997797820871,0
-0.3451026948168874,0.7041672839297158,1
-0.5246181963011622,-1.1973635023654117,1
-1.3902210090309381,0.8663661321127734,1
-1.444775746203959,0.8641524862258932,1
-1.0678636021912098,-1.1986223590687484,1
-0.13615019898861647,0.6394919979005336,1
-0.9361094385385513,2.4302266523445084,0
1.4313108613714576,-0.5572154819416083,1
-1.8166753333061934,0.8449042414080717,0
-0.23119970317929983,-0.7822018456194033,0
1.1956993825733662,1.1107114182028008,1
-1.5124029600992799,0.2498247199265625,1
0.24379193503409624,1.6519153916231646,1
-1.1738744415342808,-1.4589707285369156,0
-1.489873399026692,-0.051297886125361236,0
1.0132314572110772,-0.5269251761255977,1
1.580181436613202,-0.1972648690762991,1
-0.5021488964557648,-0.629578742686005,0
0.6604607785120606,-0.8338435805350006,0
-1.6206373563036323,0.5787223746164499,1
-0.46412144880741835,-1.0875807140769271,0
-0.9024654217064381,1.4840309315562832,0
1.258560155518353,-1.1862065853137507,1
-0.20593463443219662,0.10107915139527966,1
1.2402574121952057,0.5329892868264807,1
1.2495580380782485,0.5867353390926253,1
1.1773692844435573,-0.3017466638663803,1
-0.24067324958741665,0.07950199532840103,1
1.0179006345570087,0.9612641518096774,1
0.5168845262378454,-1.4564659170764258,0
0.8407296054065228,-0.7817397115320819,1
-1.9975009066984057,0.3204023143166103,0
-0.09873370360583067,-0.4447819783369915,0
-1.1195244593545794,1.3700039939710003,1
-0.48073384910821915,0.6732538633548357,1
0.4510840130969882,0.07216675241475584,0
-0.5928083630278707,-1.50775731753668,0
-1.5554583026096225,0.026100225326241802,0
-1.0255221091210842,-0.3164158681969931,0
0.6722223497927189,-0.10234651352059783,1
-0.32941288128495216,-1.1815592270556854,1
1.1527833361178637,0.49865804382992457,1
-1.588541422970593,-1.038956440307033,0
-0.26042903400957584,-0.22622198144240974,0
1.9398279199376702,0.3814258294513523,1
1.5722044575959444,-0.783515789013048,1
1.5458762431517243,0.5829914056800642,1
-1.2997893989086151,-1.3165104016516926,1
-1.4772172337397933,-2.8097746789605416,0
0.6124077001586556,0.4649679907858525,1
-0.6259341109544039,0.8405398269609996,1
0.6270325118675828,-0.2858454235913839,0
-0.7185070300474763,0.5041262545916082,1
-1.2492355229333043,-1.1559165250836716,0
1.1291772052645683,-0.1271486068256622,1
-1.6256200531497598,-1.9415183760406178,0
-0.1328838337212801,1.1811808914385218,1
0.0460218396037817,1.859910861543161,0
0.39995583705604076,1.07401226028199,1
-0.6687058387324214,-0.027346966413741798,0
-0.04554786533117294,-0.03333034227591927,1
1.8178953099995852,-1.5160676231510992,0
-0.06839041132479906,0.790385343888228,1
1.5614008884876966,-0.21073418069177566,1
1.6577527476474643,-0.6567429253610754,1
0.43493992928415537,-1.4120257926583086,1
-0.3572408938780427,-0.2997624966462722,1
-1.411621236242354,-0.8490611350167082,0
1.7411992130801082,-0.39703052032783664,0
-0.7950844001024961,-1.2175999877635975,0
-1.7571177138015628,1.6875894829456983,1
1.7909077601507306,-0.01600252720796886,1
0.8823850937187672,1.0749450772723859,1
-1.430822817608714,-2.601699670257652,0
0.19713862426578999,-0.4531978299948375,0
1.816364954225719,-0.6754822915920712,1
0.3419334124773741,-1.2229261793659132,1
-0.3819588730111718,1.546609154224095,1
0.5915739173069596,-1.4152819197694901,0
-0.7207175316289067,0.31839026040802515,0
-0.7691199565306306,0.8464362855796922,1
-1.1209294749423862,0.17819018841802312,0
-0.5220445366576314,-0.8752554774955156,0
1.9368768138810992,0.9411658067241672,1
-1.3831907967105508,0.17058808184083793,0
-1.6358240004628897,-1.0634979063820433,0
-1.4323723688721657,-1.3880490476020615,0
0.7600284060463309,2.086717434493147,1
0.47702593356370926,-0.6785031454184371,1
1.5655764685943723,-1.8555716539180402,1
0.6919963704422116,0.5332593627536522,1
0.9483109517022967,0.3102302560608955,1
0.08454290311783552,-1.3538343357225984,0
0.6393537987023592,-1.9429564135819501,0
1.287221840582788,-0.11630251715860555,1
1.1451262068003416,1.1393962917094222,1
1.9192876694723964,0.6361240351821486,1
-0.24227385502308607,-0.49293742416197733,1
-0.7531911917030811,-0.8341882315843776,0
-0.3621001895517111,0.27106675675054515,1
-1.9581315526738763,0.1573533472161576,0
-1.2646019039675593,0.6297117466927278,1
1.3709172755479813,-0.3957979502888964,1
-1.0753528717905283,0.8993540532030995,0
-1.0436001773923635,-0.8308115273362484,1
-1.693235338665545,-0.3305447001199631,0
-1.0171052878722548,0.7408145237259045,1
0.9285408221185207,0.9899716086271126,1
1.3898126604035497,-1.9385047014533794,0
-0.009890931658446789,0.10719040701615291,1
-0.4483638806268573,0.6087790117346299,0
-1.0142040234059095,-1.4508243134906313,0
-1.5556141547858715,0.48062559987521725,0
-0.44002225901931524,-0.828174270396797,0
0.2877412559464574,1.020253012164429,1
-1.1324289487674832,0.538482032102641,0
-0.22092799190431833,0.7690522949956095,1
-1.1280373251065612,0.12071932928703423,0
0.00919825304299593,0.8636484341577534,1
-0.5843817126005888,1.3805145283145377,1
0.5999406352639198,1.9662480154556337,1
-0.5011441735550761,-0.028395054749064987,1
-0.5782184768468142,-2.249051090332405,0
0.13475178182125092,0.031526004593991706,0
0.9613374415785074,0.20556120844997466,1
-1.115588248707354,-0.15534534714439854,0
-0.3490155255421996,0.5682886207770745,1
-0.9372532526031137,1.010677964514265,0
0.5198922138661146,-0.5179824301678216,1
-1.2646860368549824,-0.2940953271561105,1
1.4545764457434416,0.39784220880033905,1
0.9862720165401697,-0.5502237414891381,1
0.6731385989114642,0.09126738348823545,1
0.4720714930444956,-1.961707598885302,0
-0.5110477590933442,-1.119899721397624,0
0.11934274341911077,-1.3277554756041252,1
1.4987293714657426,-0.8536236967272416,0
0.327000399120152,-0.6933045279306658,1
1.359071059152484,0.38230514254636994,1
-0.7502073403447866,0.9821130025226407,0
0.8331612888723612,-0.7273835290875355,1
-0.9399287756532431,-0.9968389823780047,0
0.377372776158154,-1.0416888589895097,0
-0.0748407980427146,-0.41458872636367367,1
-0.9398690741509199,-0.23902906815256408,1
0.2583617391064763,0.48361753383826944,1
1.652752892114222,-0.3213248421683899,1
1.6074975579977036,-2.078489268860023,0
-0.9033335139974952,-0.09143427555013835,1
-0.7140689743682742,1.1871868106515564,1
1.9425635375082493,1.1916012685103252,1
0.4799732407554984,-0.7889632181112297,0
1.7492563566192985,-1.5477765436375708,1
-0.1338691907003522,2.458060491865274,1
-0.37266962695866823,-0.16242194247941932,1
0.6369212968274951,-0.09745125010561723,1
-1.3906135326251388,0.42057418869814694,0
0.29146823287010193,-1.6140394566191194,0
-1.045095892623067,-0.7282191111912876,0
1.8494357457384467,-1.5404424052900094,1
0.4054629039019346,-0.6930946140105951,1
0.06011890899389982,0.11884943300456097,1
-0.38970663119107485,-1.3647094579869121,0
1.520986164920032,0.589982679367313,1
-0.5436325408518314,0.28934402881733584,0
-0.847042877227068,-0.904215025620639,0
-1.317419059574604,0.22632494238106354,1
-1.3113130144774914,0.7480811624938435,0
-0.07182957790791988,1.0610952532617417,1
-0.9881402859464288,-0.2128482786465276,1
-1.1349808415398002,-0.09363679391104562,0
0.6975055523216724,-0.08671413498192511,0
-1.8093454902991652,1.4414617560550447,0
0.8034123498946428,1.1250718922779939,1
-0.5924454461783171,0.8344015677570392,1
-0.3642240082845092,-0.2873407998406928,1
1.2838052958250046,0.37324143416640604,1
1.67542939260602,0.4032903312206958,1
-0.8698866795748472,-1.0416732942893223,1
1.8444191748276353,-1.7283045153207428,0
0.9135777130723,0.6418300276516161,1
0.7455003280192614,-1.5293105311804218,1
-1.7886242289096117,0.00168368848420991,0
-0.4191194614395499,0.2502478213483311,1
-0.08861848060041666,0.5638673903058834,1
0.24101305473595858,0.18942623751481066,1
0.7930463794618845,-0.7328538062971252,0
1.6627341536805034,0.9863658598954617,1
0.4734049094840884,1.7386337669062457,1
-0.28631396498531103,0.8811788089254428,1
0.16832146886736155,-1.9436509013239756,1
-1.766086045652628,1.3995761854029438,0
-0.9565725717693567,-0.05605594618626797,1
-0.411392186768353,0.5249142793192899,1
-1.209021053276956,0.6220332358710604,0
1.3277102513238788,-0.09668607320670514,1
-1.3884511087089777,-0.07526319764872627,1
1.2136741681024432,1.0191570693309,1
0.1873046262189746,0.711601922486244,1
0.6492705680429935,0.9902622460442313,1
-1.313206024467945,2.3829266952303274,1
0.532221439294517,0.664415863694087,1
-0.7525210129097104,0.20738115738530685,1
0.8982173856347799,-2.2106331105756207,1
-0.4042407013475895,2.6917140032461155,1
1.8774256445467472,-0.48267682179630783,1
1.869593482464552,2.374734715095394,1
0.906810156069696,0.3746435680049877,1
-0.9711330141872168,1.5384301988967937,1
-1.112848261371255,-0.10971032117623881,0
0.37218260671943426,0.5114707546981254,1
-0.9299142714589834,0.2139579796422618,0
0.12428159546107054,-0.1861206993734956,1
1.1411666851490736,-0.1203938246224936,1
-1.3277567578479648,1.0128343358442544,1
-0.3824032759293914,-0.20145814697149975,1
-0.11369488947093487,-2.0376824944408,1
1.4724272275343537,-0.19588924882982778,1
1.7028318233788013,0.5397906055362739,1
1.5279102372005582,0.6164557163514397,1
0.6967473700642586,0.616567817477434,1
1.800667917355895,-1.6921015208690813,1
0.06577957700937986,0.36874205801119403,0
0.30607608519494534,0.9678592099470636,1
-0.6546751763671637,1.2765786814676567,1
-0.6107014743611217,-0.22496127104411592,0
-1.9199027977883816,-0.3218925861828012,0
0.01125218253582716,1.4878378318780394,1
1.4841736545786262,-1.6679280457793197,1
-1.9747968642041087,-0.43682997691312486,0
-1.711771504022181,0.45746207935745464,1
-1.3431551000103354,-1.6177737653812263,0
1.081336297094822,0.27962786243175747,1
0.9407372232526541,1.877864021052193,1
1.8875025426968932,-0.00406065343634058,1
-0.13411049265414476,-0.27845402496358623,0
-1.7024619467556477,0.4749117140340542,0
0.5952724972739816,-0.2790721707873067,1
1.034372678026557,0.8134003740790647,1
-1.4515756759792566,0.9044354644496952,1
-0.4136616215109825,0.0026916612301209055,1
-1.10005868319422,-1.1766921577497271,0
-1.7681657578796148,-1.3182207274590878,0
-0.41642924677580595,-0.5929973656553169,0
-1.7402868000790477,0.7973805005498356,1
-1.096454268321395,-1.9582051746569251,0
-1.78148356359452,-1.8863251587325458,0
0.6811281582340598,-0.6537798247601029,0
-0.8090328695252538,0.39439484798058455,0
-1.5971136707812548,-0.9135660481649922,0
-1.7123836111277342,0.8867490370960592,1
1.5217622751370072,0.3333699701551824,1
1.0169896082952619,-0.17063961823860985,1
1.2664235504344106,0.8188281365317798,1
1.9285614946857095,0.3883651628193677,1
-1.5856014201417565,-0.44593502721215617,0
-1.603832682594657,0.23111493441816,0
1.1953264446929097,0.6475133579775916,1
1.1383010661229491,0.35628334486204694,1
-1.9622803796082735,-0.6580102079494788,0
1.1162635311484337,0.8552022050641918,1
0.9175626076757908,1.152936225558616,1
0.5205274112522602,0.27627455654333666,1
-0.07635668013244867,0.14410466246218698,1
-1.3734525945037603,-0.07562508077983801,0
-1.9671379206702113,2.1614158463027877,1
-0.19016642309725285,0.2763155321357929,1
-0.030826685018837452,-0.15829402869994402,0
-0.4416515538468957,-2.5079178021972544,0
-0.14133623242378235,-1.5652817650305326,0
0.8531160028651357,-0.0776732006105648,1
-1.7787922946736217,0.20629404484309793,1
-0.5808676099404693,0.2768724588616144,1
1.2112490916624665,0.8215067804486178,1
1.3428353480994701,-0.19415240932045666,1
-1.0490023801103234,1.214588794482562,1
-0.5840555895119905,-0.921516042869578,0
1.4275416806340218,-1.2084427204430666,0
1.4150534952059388,-1.2289861775538142,1
-0.8164181783795357,0.7422970241865179,1
-1.411806701682508,-0.08291994233922603,1
0.815968245267868,0.7898179218204991,1
-1.5847732471302152,-0.26770642155708474,1
-1.8650889080017805,-0.5918921022128126,0
1.997618111781776,-0.36835257512650604,1
-1.8605007836595178,-1.8526168242417291,0
-0.6464348649606109,-1.1696152604141148,1
1.6602550465613604,-1.4420346463584501,1
0.4689410785213113,1.0543222719753484,1
-0.8548586051911116,-0.5973300913628001,0
0.9511896120384336,0.7894598527901798,1
1.3362172367051244,1.5164906016919582,1
-0.7429168783128262,-0.19177480910994216,0
-0.02973380871117115,0.2838789063523513,1
0.7894950648769736,-1.7510675193960785,1
0.5658494159579277,-0.8186697775198026,0
0.5756916599348187,0.05621484938283862,1
1.9114136192947626,0.29908690333615234,1
-0.34105866216123104,-0.7593981172988821,1
-1.5223808800801635,2.684858999226799,1
0.10411864053457975,-0.4583901390923888,1
-1.0997065966948867,0.0642435566300379,0
-0.054352943785488605,0.6497918671535179,0
-0.5191408060491085,-0.026018634773995304,0
1.9334007231518626,-0.643567387027114,1
-0.4467235393822193,1.0453056639633052,1
-1.0830206386744976,1.615545323207201,1
0.4931901851668954,-0.0296939710498354,0
-1.4538392117246985,0.5622673454030662,0
1.86987797729671,-0.09741249850263016,1
0.06028723157942295,1.0164552177021617,1
-1.3477186830714345,-1.156167394259853,0
0.4876091806218028,2.3208602239944756,1
1.9438166609033942,-0.6035312477883376,1
0.6750860698521137,-1.4588494144380924,0
-0.32433641236275434,-0.3509178271930697,0
-0.7066200273111463,0.14670848414500187,0
1.3410212798044086,1.6236212076802288,1
-1.424731825478375,0.9112096767713199,1
-1.228736212477088,0.14245843204578665,0
1.5869547305628657,-1.38948352398816,1
-0.7675217827782035,-0.8660377446721136,0
-0.5467978259548545,-0.1632849322292941,0
1.1357859149575233,2.553026113460593,1
-1.2264852803200483,-1.860227574218415,0
-1.9289367524906993,1.1310546518460212,0
-0.3735685348510742,-0.5272342572339209,0
-0.06732932291924953,1.6659908999874187,0
-0.3126201992854476,-1.1392006399734047,1
-0.6287647932767868,0.14362323466274737,0
1.4659332586452365,-1.099550941702751,0
-0.1795677961781621,0.9035164263616751,1
0.13505949452519417,1.4837794887380855,1
1.8553733276203275,1.9507210064011518,1
1.0983661683276296,0.7976006575895186,1
-1.1644946057349443,1.8432662545778213,1
-0.7648526690900326,1.2464239086616464,1
1.8853698009625077,-0.13187491182401517,1
0.33960037399083376,0.47703723828470007,1
1.043294501490891,-0.9719942114759335,1
-0.5091624222695827,-0.18520216940099382,0
1.0767756449058652,1.2209637083488218,1
0.15070873219519854,0.5412841434823501,1
1.6559817986562848,0.45735733162533,1
-1.2588142324239016,-1.0381310396872052,0
-0.8711263304576278,-0.6045132303341167,0
-1.6201503472402692,-0.7646060137535687,0
-1.1580516835674644,0.39529587001349903,0
1.9083959851413965,-0.9905076304665589,0
-0.8147912984713912,0.5620413900990521,1
0.9039321076124907,-1.116416411933542,0
1.1427513370290399,1.8285304581353643,1
-1.5783290155231953,0.4605913494781038,1
-1.0416214838624,-0.7010036122532697,0
-0.9178205104544759,0.2410459325012233,1
-1.5957660237327218,-0.35245319922795615,0
-1.5283446349203587,0.371147959759657,1
1.964946223422885,0.2435327187603004,1
1.9442171892151237,-1.0141141726614744,0
-1.4517301144078374,-0.79131387881947,0
1.6212383266538382,0.2995936847395636,1
0.30520735029131174,1.6390519087515616,1
-0.41820456366986036,1.0846170086709221,1
-0.20079006347805262,-0.6245674736180938,1
0.826007604598999,0.8259229016474942,1
-1.6699890168383718,-0.04856835275628854,0
-0.642749679274857,0.3013136517184046,0
0.7231502048671246,0.2603614907365583,1
-0.7322030076757073,2.575449763723391,1
1.326274392195046,-1.1852888105872244,0
-1.139311669394374,0.10091985901285687,0
-0.008204255253076553,-1.7799772879676157,0
-0.8958013094961643,0.5898359229587584,0
-1.2319067250937223,1.0966084717214049,1
1.8024850562214851,1.4456622411011533,1
-0.7130978489294648,-1.9251452518371208,0
-0.08617446478456259,0.4127694971940302,0
-1.8880297122523189,1.5933699513836517,1
0.18983787205070257,-0.414015863042303,1
0.5769608821719885,-0.21215053208194942,0
0.38505417853593826,-0.03653722220474125,1
-0.7122504971921444,0.3650187514330356,1
1.564457249827683,0.6651598757459689,1
0.5050277896225452,1.317820883711482,1
-0.7883803388103843,-0.09548759044499239,0
-0.44718134496361017,0.1962780454724688,1
-1.3580996301025152,2.4879978772214617,1
1.4502075901255012,0.4310989281149912,1
1.8124048551544547,0.18875310932983336,1
0.2545787338167429,-1.3422431252834488,0
-0.6818103464320302,0.002856047622226594,0
1.986468874849379,-0.22132615316688106,1
-1.0607212968170643,-0.011045829809373778,0
0.4506878610700369,-0.5754176412711666,1
-1.5672858823090792,-0.6868156524427007,0
-0.051869720220565796,-0.7207736318201219,0
-1.602216706611216,-0.2145045153997742,0
-1.3553369492292404,1.3681326480286269,1
-0.8680285168811679,1.0490866265593277,1
0.33548934385180473,-0.3599751179430565,0
0.9268306354060769,-1.68591645453874,0
-1.3379163555800915,-0.8445834285359536,1
1.4658710528165102,-0.4577605332405078,1
0.8342965487390757,0.1036380042283041,1
1.0415981449186802,-0.6626072757008146,0
-1.4116635657846928,2.00668069083189,1
-0.5677721463143826,-0.27226753441835105,1
0.6933299256488681,-1.2139444702395097,0
0.09529040660709143,-0.14126175728251325,1
-0.6007928289473057,-1.0053775815934138,0
-1.0378771936520934,0.15615570727532643,0
-1.7672328148037195,0.23363361408986943,0
-1.0535210315138102,0.3555876116283844,1
1.5603116527199745,-1.6218582591242146,0
1.2473096642643213,0.22071129097064884,1
0.9900652887299657,0.31045008054164597,1
-1.3803530968725681,-1.4211084475044877,0
-1.5010316455736756,0.9553656397304111,1
1.8989032339304686,0.7841708790943376,1
-0.2554800156503916,2.2996193611544453,0
-0.14393349271267653,0.156702987375728,0
-1.3388076750561595,0.04673352751800071,0
0.33974622935056686,0.09658583408243634,1
-0.9168879222124815,0.06976623090030058,1
-1.0796123184263706,-1.8484727753376669,0
0.7648313259705901,-1.6711270586422435,0
-0.8685904014855623,-0.07753896679120335,0
1.2415922647342086,-0.5810673805664984,1
-1.6243335716426373,0.054736525057425274,0
1.2881202846765518,-2.1112083732605313,1
-0.29028687719255686,-1.4986982545267578,1
1.0235490389168262,-1.1014834389387425,1
0.6495420262217522,0.9860582210602473,0
-0.2218904122710228,-1.0984900070901165,1
0.50858473777771,-0.7995139535765308,0
-1.9981386037543416,0.07987381867405269,1
-1.1310259439051151,-0.32274636182510885,0
0.8194889826700091,0.14641717866796228,1
-1.1393340472131968,2.3050619820456917,1
1.2557348851114511,-1.1246036712582366,1
-0.7689445028081536,-0.3054696399098045,0
0.7509707426652312,-0.516759449743733,1
1.7307243160903454,1.512395426832454,1
-1.5368813406676054,-0.7694849228902776,0
-1.4891772484406829,-0.08208690377571831,1
0.7128954296931624,0.7871336143227076,1
-0.28420561645179987,-1.0585905359483998,0
1.3376039117574692,1.6551758157420098,1
1.885752267204225,0.675762415474246,1
-1.718044089153409,-1.0742066095303544,0
-0.16085922718048096,0.45457780905773804,1
0.80634047370404,-0.21330714323306832,1
-1.652239328250289,0.3132287719943345,0
1.9717760644853115,-0.08997519701566341,1
-0.9876040238887072,1.0705160367783437,0
-1.8018462574109435,-1.3511003857033341,0
0.745299787260592,-0.5226166971959159,0
1.1477094106376171,-0.24919067775539916,0
-0.5855756960809231,-0.9957987248513333,0
-0.534234220162034,-1.039955043766194,1
-0.8515994772315025,-0.017980240576662608,0
-1.6801083507016301,-0.13217513285673463,0
-0.5381829217076302,-2.549342774750432,0
-1.2879447415471077,1.0405734557193764,0
0.14421488251537085,0.24972573598519018,1
0.01579484809190035,2.4162073731483287,1
1.7801404139027,0.6851982380510969,1
-0.6347148641943932,-0.4469593089619924,0
-0.1411449033766985,2.797391146958096,1
-1.6698752734810114,2.8322260239155073,1
1.440427384339273,-1.2187118162901793,1
-0.4173574401065707,0.469031955955424,0
0.9435974014922976,-0.21124691863215003,1
-1.313026376068592,0.18705114655401242,0
-0.18095347471535206,0.22754272856881386,0
1.0808190377429128,-1.2619004628690522,0
-1.7494000066071749,0.28558958024256154,0
1.260325980372727,1.749247363141796,1
-0.795429902151227,-0.1640900041348027,1
-0.5413158880546689,-0.1629267106984538,1
-0.751548832282424,1.3985720063374665,1
-1.850520140491426,0.8983962406829482,0
0.07521969359368086,-1.648494818381285,0
0.7160536628216505,0.22855697326218688,1
1.6129342410713434,1.6535472346777336,1
-1.897893206216395,1.4152763499191425,0
1.956313082948327,0.41995160381422986,1
-0.7884495016187429,0.7212208071128939,1
1.7565536024048924,-1.1969352121886836,1
0.7504303269088268,0.3001315668813733,1
-0.21185202058404684,-0.9544489351878223,1
1.2659125551581383,-0.4580180680969442,1
-1.8420032085850835,0.9356036837796026,0
0.9561267420649529,-1.1368931116911432,0
-0.6051220251247287,0.2669182508730583,1
1.3170032938942313,0.42833203947154347,1
0.14216556679457426,0.05491196983962972,1
-0.9018185455352068,1.8221888218354152,0
1.2037928476929665,-1.02234732857525,1
-1.6334212208166718,0.6061302614355997,1
1.3284310968592763,-0.08893056745066745,1
-0.892579710111022,-0.2608322438339241,0
1.0124403983354568,0.46409123385238144,1
1.8566102804616094,-1.0204005906839304,1
-1.6741337599232793,-1.3134509165184052,0
1.4174589859321713,-0.49448087548342295,1
1.2089528683573008,1.7517571497554478,1
-0.45930558163672686,0.05576477461252008,0
-0.6896104039624333,0.331434398227886,1
-1.1802451880648732,-0.18984663767753954,0
0.27753065060824156,0.47049273195382535,0
1.5522207617759705,-0.9516795430171457,1
0.11885636579245329,1.1579104665686408,0
0.3478346271440387,0.5847052602413515,1
0.662940570153296,-0.8064528226917048,1
0.11956983432173729,0.054553245811992286,0
0.039371597580611706,0.7163316194991229,1
-1.9353580763563514,0.5577309820546029,0
-1.809160060249269,1.481934015876881,0
1.7174027301371098,-0.6129877548948504,1
1.0771421547979116,1.1161366154903933,1
-1.1956775356084108,1.036548009941219,0
0.6010460015386343,-0.1624831319028546,1
0.6150667294859886,-0.9759266928218852,1
-0.4189849542453885,-1.0891451908845162,0
1.2492193141952157,0.4577869579449709,1
0.18809367064386606,-0.07112673372089445,0
1.5405306061729789,1.7791026668514498,1
0.21325595024973154,0.5351379604962047,1
1.6241924464702606,-0.37194487516349534,1
0.34984546806663275,-1.0255422484971142,0
-0.30614539608359337,-0.582401674605252,0
1.7983412919566035,0.3428883928973311,1
0.8361516138538718,-0.45093464705665065,1
-0.34677836764603853,0.5142301202306903,1
-1.9265436651185155,-0.33433805216978196,0
0.2669363310560584,-0.10555990879447544,1
-0.03974618762731552,-0.7305096728078275,1
1.51469608489424,1.9050435849087044,1
1.2514107516035438,0.3326217314703942,1
1.4163999101147056,0.23063364049945073,1
-0.528416208922863,-1.691862414884067,0
1.4957996513694525,0.6597918995493273,1
-1.3946473142132163,-1.0236235888797118,0
-0.8727533211931586,-0.8915215743542977,1
0.6668206313624978,0.9183411710216488,0
1.9095343071967363,-0.45270064650823005,0
0.33095894660800695,-1.7483722800031807,0
0.10636031813919544,1.769904109889355,1
-1.7568711005151272,-2.3774069253925205,0
1.8761554546654224,0.5728115298595848,1
-1.5190514856949449,1.01724924908461,0
-1.646546795964241,-0.6309678666605345,0
1.5230564596131444,0.44428705141155417,1
0.03348251897841692,0.4391303883885552,1
-0.6500200107693672,1.0406231529145125,1
1.5773385018110275,0.48409938795252205,1
-1.8721134876832366,-0.24488377909252476,0
-1.0510812103748322,0.9159920579402111,0
0.7459614044055343,0.8006223565097664,1
-1.0967263067141175,-0.9365690341357926,1
-0.7260216474533081,-1.400787433995731,0
-1.3040647329762578,0.16027753999317776,0
1.2057183347642422,-0.2739623747751827,1
-1.4148717680945992,-0.9855391125622962,0
1.2908695666119456,0.08393067951503286,1
-0.6760086854919791,-1.319996526486906,0
-0.5033224485814571,0.161226351326199,0
0.5189816951751709,-0.6249283875419198,1
-1.6134650278836489,0.957164274192481,0
-1.9120251387357712,2.424489141161533,1
1.972179121337831,-0.915979243686792,1
0.33575538266450167,1.057664170942975,1
1.1272922605276108,0.8251497277682832,1
1.567584490403533,-0.07019422430535867,1
1.019461814314127,-0.4536463740570145,1
1.9168149204924703,1.5753077068374846,1
-1.8234117282554507,-2.005457818236247,0
1.6136035388335586,-0.6431947915936632,1
1.4620032561942935,-1.4368434436577757,1
1.1016303654760122,1.395313438946077,1
-0.4927343325689435,-0.19070343264485706,1
-1.8315678052604198,-0.5246711994696713,0
-0.5423556733876467,3.1840444740663285,1
-0.9049949208274484,-0.050037267887628245,0
1.401869922876358,-0.44374931186652355,1
-0.5503931501880288,0.2998652501361448,1
-0.7820888375863433,-1.5684246207549688,0
1.0365413576364517,0.4903026426720676,1
1.3793384972959757,-0.09616320107996684,0
-0.16831375565379858,0.4685251225301459,1
0.9185266578570008,-0.9823706359378539,1
-1.5836854558438063,-1.0229838421479434,0
-1.1200672890990973,-0.6934146632761847,0
1.815804990939796,-0.7679895730927822,1
1.0081501649692655,1.2990499666835893,1
1.2758215330541134,1.5791455618080903,1
-0.3288915930315852,-0.15689195303906714,1
0.375353972427547,-0.3589365605846804,1
1.1952942311763763,-0.32903883042166854,1
1.5536346016451716,0.06923647785301654,1
-0.4592336267232895,0.09690423370105476,0
-1.6387116629630327,0.2900343877655705,1
0.5029745483770967,-0.7466789410462559,0
0.982544869184494,-0.8468963888203188,0
-1.658486170694232,1.197077663746084,1
-0.7979295551776886,-0.5486273611033227,1
0.4582486292347312,0.30304569522545066,1
1.0117282317951322,-0.05697053380333201,1
1.6682285321876407,-0.9578493921506691,1
-0.09699797723442316,0.5910619094115072,1
0.2684778645634651,0.17310487349295478,0
0.9464813843369484,1.399783356212508,1
1.4297896977514029,0.11745958462698798,1
1.6365860179066658,-0.3315457582008531,1
-1.7744710985571146,0.2782949133053641,0
0.01163321640342474,-1.185591649035339,0
-0.597820907831192,-0.8358940533935968,0
1.3822244917973876,0.5102732511394306,1
1.2257406553253531,-0.3331209012239486,1
-1.5306750908493996,-0.06596094635246347,0
0.8507462199777365,-0.11522170942194963,1
-1.0589245678856969,-0.65051261877452915,0
-1.7001729952171445,-2.018688659082417,0
1.7425845889374614,0.3488349701765925,1
-1.3713286994025111,0.7616395076468586,1
0.5882294001057744,-1.2887162353501251,0
-1.305929015390575,1.4824027184586064,1
-1.919703963212669,0.38515482368723486,0
0.085255385376513,1.341640294993872,1
-1.6548884268850088,-0.9571704712422884,0
-0.8679906157776713,0.1667812883542511,1
-0.318260395899415,-0.10001395893880842,1
0.3491124967113137,0.7685074318817763,1
1.2267777184024453,-0.5758595679126932,1
-1.1920191645622253,-0.01009767195246111,0
-0.16230131313204765,-1.778659148743945,0
-0.20742754451930523,-0.7776214428705004,1
0.9349910328164697,0.12503388366511012,1
0.8590192422270775,-0.7063214923882233,1
1.3248879155144095,-0.04356948581148002,1
1.5462644835934043,-0.46792597392521984,1
1.8105782959610224,0.6069301361614902,1
0.202466887421906,1.168488308749563,0
0.0893430644646287,-0.8225014128075226,0
-1.3172069787979126,-0.3070365585947284,0
-0.08291376009583473,1.4397612583697421,0
-0.9847168140113354,-2.198923254183707,0
-1.8408774519339204,-0.31983779174073507,0
0.5392020391300321,2.0647042841433425,1
0.15824365615844727,2.1935900690642547,1
-1.4395858002826571,0.15659532335014942,1
-0.8651528926566243,-0.8636089506136384,0
0.3321223808452487,0.16545741949043818,1
-1.3398964311927557,-0.6527743959470196,0
-1.6147955572232604,1.452817282291484,0
-0.28554763458669186,-0.806482655703046,0
-0.576953737065196,0.37291159520874806,1
1.3797341594472528,0.619850074568692,1
-0.9594701053574681,-0.7575101606958491,1
-1.907422031275928,0.8515246815061833,0
1.4495981587097049,-0.7479299709163061,0
-0.6616481551900506,0.6302398296539802,1
0.5271554868668318,1.0966616331035524,1
0.18570503499358892,-0.9884429223832061,1
-0.49422202724963427,1.1079950409795976,1
-1.256507939659059,-0.4895328712124124,0
-0.28423763532191515,0.29435338843696807,1
0.5230943942442536,0.20183747228876955,0
0.08336940500885248,-0.4271963863382019,0
0.6384853487834334,0.268102869997785,1
0.9174437252804637,-1.2304309254238375,0
-0.05270850658416748,-0.1361368721849644,0
-0.46217353735119104,0.8257908316651706,0
-1.9726659646257758,-2.174124649229314,0
-1.9852630896493793,-1.4879261873582548,0
1.9797457605600357,-1.1619375575969724,1
-1.5684524793177843,-1.5890896941454298,0
-0.3253233665600419,0.4195830392963589,1
0.8715381864458323,-0.9929283497560106,0
0.9701565289869905,-2.164547085328973,1
1.487995294854045,-0.6375687650804497,1
0.43147184420377016,-0.3906352514748059,0
1.024813405238092,0.8567854737781101,1
1.3889651922509074,-1.103752135998829,0
0.4511185958981514,1.1612892557386956,1
1.1728966711089015,0.3983627156286049,1
-1.9085812661796808,0.3623521576355447,0
-0.3323418013751507,-0.8525256703145023,1
1.4995295498520136,1.953667879898038,1
0.5893880622461438,-0.1642708320971552,0
1.6979159470647573,-1.8248975841783333,0
-1.3110996158793569,-0.20385647139249596,0
-0.7367488434538245,-1.9344440707320507,0
1.2170251170173287,-0.3105101157866735,0
1.955853644758463,-0.42222700318961875,1
-0.7104577925056219,0.6818296904034101,0
-1.995233486406505,1.0094961857374911,1
1.9686824772506952,-0.7261049649011545,1
-1.4065904328599572,0.8061088683750256,1
-1.8025428112596273,1.4243231096687634,0
0.3894139304757118,-0.7841440048426462,0
-0.7146862260997295,-0.6524043664993325,0
0.11171600129455328,0.650778363153682,1
1.181688081473112,0.1830479699439354,1
-1.7242696126922965,0.5487749604442832,1
0.7800827892497182,1.4046842945475624,1
1.7945260293781757,0.38708311957639535,1
-0.888922730460763,1.0517012701753732,1
-1.0023736590519547,0.6229054623371942,1
-1.3622580794617534,0.43362038980885464,1
-1.7134797759354115,0.3860844381844121,1
0.2297503324225545,1.2913233044580799,1
-0.04065179359167814,-1.0022598737106545,1
-0.02283055242151022,-1.1051827291574945,1
1.5534863406792283,0.5919460033972092,0
-1.8531825607642531,-0.11968966413311385,0
-1.1850247457623482,0.07400521168496045,0
0.055124556645751,0.741277377171399,1
-1.054640443995595,0.7532950478490763,1
0.3017426794394851,-0.26267050336177766,1
-0.07096835412085056,-0.3125438689971024,1
0.2774107549339533,0.07359860900786931,0
-1.4233907395973802,1.063017789294744,0
-1.4171649497002363,0.4260204866790045,1
-0.3508675480261445,1.4330075108231943,1
0.7320411298424006,-0.007636870419971943,0
0.6137112816795707,1.125667605220753,0
1.6639453321695328,0.8830023110172466,1
1.2524525299668312,0.6120834609000705,1
0.7035600049421191,0.4147007067784645,1
1.2299964372068644,-0.27988239714251806,1
-1.4877423215657473,-0.10903750916923187,1
-0.9968858640640974,0.2293954957084669,0
-0.6738120336085558,0.04888889067928617,0
-0.3709228402003646,0.9432244683862205,0
0.5414703078567982,-0.10931712318643116,0
1.234448179602623,-0.07037692158782763,0
-0.9647951945662498,-0.48431908756566466,0
1.2778685595840216,-0.13833632854332842,1
-1.9380893241614103,-0.06876564230384444,0
0.6176030663773417,-2.313735773899415,1
1.2468783371150494,-1.3648316972143173,0
-0.1545242927968502,-0.07248690995195904,1
-1.1863315934315324,-0.26528377486449883,1
-1.9249271312728524,-1.200869328207436,0
-0.8674692111089826,-1.9915381760430189,0
1.6610905025154352,-0.35436921991342674,0
1.734786082059145,0.6534957656942765,1
0.17012645490467548,1.7732386319275648,1
-1.122309816069901,-0.038456793709338445,0
-0.04228878393769264,1.4931848406277166,1
1.2045949446037412,0.08302215763596832,1
-0.36947736889123917,0.11553210425955959,1
-1.5851537324488163,0.32482531334874665,0
-0.8777393009513617,-0.8705772452609188,0
-0.5541351176798344,-0.0517182128948834,1
-0.9630206357687712,0.9084476987922507,0
-0.11727266572415829,-0.749725786852189,0
-0.5366181069985032,-0.32160606988796075,0
-1.5149117829278111,-1.1477707504592545,0
-1.8120252778753638,0.3543521964493546,0
-0.9488147832453251,0.4247997823890222,1
1.8745646718889475,0.6483473512240818,1
-0.04601807054132223,-1.219810031516902,0
-0.0887118810787797,0.10723503475476404,1
0.9951715245842934,-0.9440576916498457,1
0.6705609252676368,-3.8464871602350223e-4,1
-1.8023376129567623,1.3426239200060799,0
0.7804209776222706,-0.5035252869342756,0
-0.5469537330791354,0.716683320938825,1
1.5365344295278192,-0.7496685840836952,1
1.1011889185756445,-0.4785282104503053,1
-1.4431854346767068,0.43872175058661655,0
-0.819962915033102,-0.6791122704578678,0
-1.4956688582897186,-1.7029648351454352,0
0.35960649512708187,1.26516843521333,0
0.246702435426414,0.36035723787984647,1
0.7548844804987311,-0.5836394405600897,0
-0.7549167638644576,-1.9940787873306007,1
0.4223473658785224,1.9022097713993047,1
1.9641372757032514,3.3903708212715418,1
0.9728196607902646,0.20748040735545656,0
-1.6965714786201715,0.8498066475111891,1
-0.19532437436282635,1.2245603120741604,1
-1.7858522618189454,-0.7018044335386087,0
-0.6417779438197613,-0.3511962295565402,1
0.9358085952699184,-1.7271210366451961,0
-1.983572238124907,-0.7365782322718721,0
1.0876379292458296,0.6224097828861144,1
-0.14809915516525507,-0.29071598924087044,0
0.8833614001050591,-0.21421153418307687,1
0.6660228688269854,-0.1125595515025161,1
0.2882948825135827,-1.8636669824956047,0
0.8152518002316356,0.8376299342316704,1
0.6288842419162393,-1.443492888935421,1
-0.8425914198160172,-0.20857016241564835,1
-1.6110421773046255,-0.4385634620588304,0
1.8496852843090892,-0.21859381685619822,1
0.9453361164778471,1.4599659447357858,1
0.4508938742801547,-0.5820599179153695,0
-1.5202844766899943,-0.7830975957118963,1
0.2010361859574914,-1.519653994943845,0
-0.9489748887717724,-0.8056980816112492,0
1.5934433247894049,-1.1661847073677385,1
-1.9632802167907357,0.4079461962482959,0
-1.0550602562725544,-0.8630042460078766,0
-1.4798216186463833,0.304042035028136,1
-0.6950674131512642,-0.14642748784792053,1
0.9055955531075597,-1.433562179910804,1
1.966980941593647,-0.7906077857226979,1
0.8605341110378504,0.8851124550576773,0
0.017759243957698345,0.9030760859545676,0
-0.2558093126863241,2.0055732743006276,0
1.7953010024502873,-0.003580308399780853,1
-1.5192740494385362,-1.4958268139821398,0
-1.699419293552637,-0.7684170270151593,0
1.5560859711840749,0.4084885048401484,1
-0.30219161976128817,1.900136334894722,0
-1.8305572848767042,0.11000912343972276,1
0.5897685745730996,1.1403868251284695,1
-0.12552335020154715,0.7680813046922612,1
0.4717044932767749,-1.1680916221173332,0
-0.9167382698506117,-0.1711126522648586,1
-1.370818853378296,1.305261536347683,0
-1.5429829191416502,0.8760961095959137,0
0.030731452628970146,0.46379614156779764,0
0.19212915003299713,0.4771142453768791,1
-1.4374152421951294,-0.49140530020940226,1
-1.320923799648881,-1.319385313344202,0
1.0479412926360965,1.2954257908313074,1
0.10957976244390011,-1.4202194916669288,1
1.4439574303105474,-0.9388959197058298,1
0.69421995151788,0.6289649925198404,1
-1.9478358812630177,-1.2621945493896012,0
0.7727956054732203,-0.5518704132727917,0
1.5668549286201596,-1.1827995067824777,0
0.5274007013067603,0.6206635577289502,1
-1.5708213802427053,0.44631301663809564,1
1.6842608153820038,0.4218846932736879,1
0.7014495246112347,0.44246477214563673,0
-1.4056251496076584,0.557245746378939,1
0.9813673691824079,0.639356491970517,1
1.77039544750005,-1.9686615566742218,0
-0.3168664975091815,-0.14881636135986792,1
-0.8091076873242855,0.11246381255190067,0
-0.9622933194041252,0.7246762026477596,0
-1.108474732376635,-1.187486076005285,0
0.26261737383902073,-0.499600189815913,1
1.0266005313023925,-1.0736429907511584,0
0.6784141836687922,1.05724021270968,1
0.18609117716550827,1.2790725832093337,1
1.2458546310663223,0.7876767253592327,1
1.036667208187282,-1.2224033825769909,1
-1.9197261352092028,0.4519521167366538,1
-0.4763851994648576,1.1504491863809165,1
-1.796479545533657,0.1679409807364591,0
1.1916117491200566,-0.5661093328959699,1
1.6947968527674675,-1.08611824061135,0
0.17039348185062408,-0.6653027955601559,0
1.4094584006816149,0.7148483559493388,1
0.3342514531686902,-0.4316611003819278,1
0.6732945740222931,0.2276149399400876,0
0.04525838606059551,1.2949457956703048,1
1.0510023571550846,0.5783349404694549,1
1.6134491516277194,1.3646727814735395,1
1.2818980487063527,-1.7015798026604063,1
-1.7142726015299559,-0.2806762797137925,0
-1.9844146277755499,0.06506801949219311,0
-1.7912055365741253,0.5785892916085147,0
1.466240718960762,-1.1692066215289703,1
0.3049806756898761,0.8061848554472886,1
-0.744629711844027,0.3073900761623333,0
1.837863135151565,0.2638060136047168,1
0.36477502807974815,0.5084847916050458,1
0.1256373431533575,-0.1163584398769944,1
-0.4642533138394356,0.9255460984991137,1
-0.7217870820313692,0.6482297737314899,1
1.2335450211539865,-0.1502093741676993,1
-1.8323220061138272,1.0403770193406996,1
-0.5450292211025953,0.2925586849461817,1
1.4263878678902984,0.6687513994394646,1
0.7917863139882684,-0.5941776416242215,1
0.7379458919167519,1.5804318369859205,1
-0.6079397890716791,-0.003988944349983704,0
0.21872731763869524,0.8478427688934755,1
-1.4510255297645926,-0.100116525892691,0
1.1397262252867222,-0.27962990698059936,1
1.5474502863362432,0.7844382452800064,1
-1.18361646682024,-1.5846166445911747,0
1.0824918458238244,0.47836614779403047,1
0.38545184303075075,0.39356637299481456,0
1.8306789696216583,-2.6953293691245164,1
-1.3652464095503092,0.3683773285332568,0
0.10389709658920765,-2.1684177473470054,0
1.4926054701209068,0.6598043768927199,1
1.4788242811337113,-0.45391373338119023,1
-1.9052454270422459,-0.6949368252348941,0
1.90355877391994,-0.0068463031726650895,1
-0.03910320717841387,1.3730520449839898,1
-0.44331870786845684,-0.6353230772178938,1
-0.32978016044944525,0.5581032939487768,1
-1.6282967180013657,0.34115786842187723,0
-1.3527631592005491,-1.1795186291415571,0
-0.37833401933312416,-1.7410220173339699,0
-0.6327422233298421,-1.992585771239143,0
-0.3389701871201396,0.551274211467889,0
-0.7837901236489415,-0.0347420615312984,1
0.24112214986234903,1.850571703610622,1
-1.3765033977106214,0.5736751082630449,0
1.8263190565630794,0.8496958910826087,1
-1.8241334985941648,1.3343835853349533,0
-0.5113690290600061,-0.5007190979649736,0
1.8504613656550646,0.5100979282284891,1
0.5817100629210472,0.8687932702441542,1
-1.7549495426937938,1.3693516880030274,1
-0.36021628603339195,0.7626511463263687,1
-0.29637946374714375,0.4211471730373329,1
0.03263233881443739,-0.8682240472712233,1
-0.20160035695880651,0.7295603609576935,1
0.49304553400725126,0.5002658724182875,1
-1.4400882758200169,0.6342502537069106,1
1.6317856032401323,0.42364504557225646,1
0.2777730990201235,-0.20183804471000424,1
0.19312229566276073,-0.07686589843401419,1
-1.5326895099133253,0.6873641132815168,1
1.0481133293360472,0.17163150692454043,1
-0.08652221318334341,-0.8301085743269884,1
1.1278756586834788,-0.29015911980566744,1
-1.8158938055858016,-1.319125724176509,0
1.2793786711990833,-0.9670319026689118,1
-0.9223662102594972,-0.14461107013551744,0
-0.8685983419418335,-1.7981325563749255,0
0.5728862378746271,-1.6885424745915787,1
1.7924753511324525,1.1025651994360843,1
-1.9720061821863055,-0.5766189242114401,0
-0.593529311940074,-1.8516917295514876,0
-0.32381710037589073,-0.11286323942897494,0
-0.16849281173199415,1.321069267221515,1
0.8467703172937036,0.6622542969346411,1
1.6793922306969762,0.4413831983536375,1
0.5084428023546934,1.1837459122798408,1
1.6087271133437753,-0.7715014411008939,0
1.0293166367337108,0.729689191352037,1
-1.4485665373504162,-0.5870856157788601,0
-1.3869804879650474,7.641863625140159e-4,1
-1.2347512524574995,2.214465319340126,1
-0.2672594375908375,0.9694343957092608,1
-1.6511227926239371,0.7680077137172147,0
-1.1048799958080053,-1.1083279118181597,0
0.28859471809118986,-0.7862359199947131,0
-0.39932328648865223,2.2841164802616007,1
0.2618615226820111,-1.0933007639733108,0
1.3184955148026347,0.21447937528507294,1
0.568455277942121,0.8925710596370724,1
-0.4340049931779504,1.0187579723422582,0
0.838319418951869,1.0891120109192385,1
-1.5647037075832486,-0.1631289898852147,0
